id,pre,post,mask
0545,data/datasets/ombrias1/train/BEFORE/S1_before_0545.png,data/datasets/ombrias1/train/AFTER/S1_after_0545.png,data/datasets/ombrias1/train/MASK/S1_mask_0545.png
0186,data/datasets/ombrias1/train/BEFORE/S1_before_0186.png,data/datasets/ombrias1/train/AFTER/S1_after_0186.png,data/datasets/ombrias1/train/MASK/S1_mask_0186.png
0227,data/datasets/ombrias1/train/BEFORE/S1_before_0227.png,data/datasets/ombrias1/train/AFTER/S1_after_0227.png,data/datasets/ombrias1/train/MASK/S1_mask_0227.png
0331,data/datasets/ombrias1/train/BEFORE/S1_before_0331.png,data/datasets/ombrias1/train/AFTER/S1_after_0331.png,data/datasets/ombrias1/train/MASK/S1_mask_0331.png
0714,data/datasets/ombrias1/train/BEFORE/S1_before_0714.png,data/datasets/ombrias1/train/AFTER/S1_after_0714.png,data/datasets/ombrias1/train/MASK/S1_mask_0714.png
0140,data/datasets/ombrias1/train/BEFORE/S1_before_0140.png,data/datasets/ombrias1/train/AFTER/S1_after_0140.png,data/datasets/ombrias1/train/MASK/S1_mask_0140.png
0764,data/datasets/ombrias1/train/BEFORE/S1_before_0764.png,data/datasets/ombrias1/train/AFTER/S1_after_0764.png,data/datasets/ombrias1/train/MASK/S1_mask_0764.png
0417,data/datasets/ombrias1/train/BEFORE/S1_before_0417.png,data/datasets/ombrias1/train/AFTER/S1_after_0417.png,data/datasets/ombrias1/train/MASK/S1_mask_0417.png
0039,data/datasets/ombrias1/train/BEFORE/S1_before_0039.png,data/datasets/ombrias1/train/AFTER/S1_after_0039.png,data/datasets/ombrias1/train/MASK/S1_mask_0039.png
0063,data/datasets/ombrias1/train/BEFORE/S1_before_0063.png,data/datasets/ombrias1/train/AFTER/S1_after_0063.png,data/datasets/ombrias1/train/MASK/S1_mask_0063.png
0154,data/datasets/ombrias1/train/BEFORE/S1_before_0154.png,data/datasets/ombrias1/train/AFTER/S1_after_0154.png,data/datasets/ombrias1/train/MASK/S1_mask_0154.png
0316,data/datasets/ombrias1/train/BEFORE/S1_before_0316.png,data/datasets/ombrias1/train/AFTER/S1_after_0316.png,data/datasets/ombrias1/train/MASK/S1_mask_0316.png
0195,data/datasets/ombrias1/train/BEFORE/S1_before_0195.png,data/datasets/ombrias1/train/AFTER/S1_after_0195.png,data/datasets/ombrias1/train/MASK/S1_mask_0195.png
0498,data/datasets/ombrias1/train/BEFORE/S1_before_0498.png,data/datasets/ombrias1/train/AFTER/S1_after_0498.png,data/datasets/ombrias1/train/MASK/S1_mask_0498.png
0293,data/datasets/ombrias1/train/BEFORE/S1_before_0293.png,data/datasets/ombrias1/train/AFTER/S1_after_0293.png,data/datasets/ombrias1/train/MASK/S1_mask_0293.png
0167,data/datasets/ombrias1/train/BEFORE/S1_before_0167.png,data/datasets/ombrias1/train/AFTER/S1_after_0167.png,data/datasets/ombrias1/train/MASK/S1_mask_0167.png
0184,data/datasets/ombrias1/train/BEFORE/S1_before_0184.png,data/datasets/ombrias1/train/AFTER/S1_after_0184.png,data/datasets/ombrias1/train/MASK/S1_mask_0184.png
0446,data/datasets/ombrias1/train/BEFORE/S1_before_0446.png,data/datasets/ombrias1/train/AFTER/S1_after_0446.png,data/datasets/ombrias1/train/MASK/S1_mask_0446.png
0368,data/datasets/ombrias1/train/BEFORE/S1_before_0368.png,data/datasets/ombrias1/train/AFTER/S1_after_0368.png,data/datasets/ombrias1/train/MASK/S1_mask_0368.png
0765,data/datasets/ombrias1/train/BEFORE/S1_before_0765.png,data/datasets/ombrias1/train/AFTER/S1_after_0765.png,data/datasets/ombrias1/train/MASK/S1_mask_0765.png
0389,data/datasets/ombrias1/train/BEFORE/S1_before_0389.png,data/datasets/ombrias1/train/AFTER/S1_after_0389.png,data/datasets/ombrias1/train/MASK/S1_mask_0389.png
0155,data/datasets/ombrias1/train/BEFORE/S1_before_0155.png,data/datasets/ombrias1/train/AFTER/S1_after_0155.png,data/datasets/ombrias1/train/MASK/S1_mask_0155.png
0309,data/datasets/ombrias1/train/BEFORE/S1_before_0309.png,data/datasets/ombrias1/train/AFTER/S1_after_0309.png,data/datasets/ombrias1/train/MASK/S1_mask_0309.png
0352,data/datasets/ombrias1/train/BEFORE/S1_before_0352.png,data/datasets/ombrias1/train/AFTER/S1_after_0352.png,data/datasets/ombrias1/train/MASK/S1_mask_0352.png
0028,data/datasets/ombrias1/train/BEFORE/S1_before_0028.png,data/datasets/ombrias1/train/AFTER/S1_after_0028.png,data/datasets/ombrias1/train/MASK/S1_mask_0028.png
0307,data/datasets/ombrias1/train/BEFORE/S1_before_0307.png,data/datasets/ombrias1/train/AFTER/S1_after_0307.png,data/datasets/ombrias1/train/MASK/S1_mask_0307.png
0431,data/datasets/ombrias1/train/BEFORE/S1_before_0431.png,data/datasets/ombrias1/train/AFTER/S1_after_0431.png,data/datasets/ombrias1/train/MASK/S1_mask_0431.png
0402,data/datasets/ombrias1/train/BEFORE/S1_before_0402.png,data/datasets/ombrias1/train/AFTER/S1_after_0402.png,data/datasets/ombrias1/train/MASK/S1_mask_0402.png
0459,data/datasets/ombrias1/train/BEFORE/S1_before_0459.png,data/datasets/ombrias1/train/AFTER/S1_after_0459.png,data/datasets/ombrias1/train/MASK/S1_mask_0459.png
0653,data/datasets/ombrias1/train/BEFORE/S1_before_0653.png,data/datasets/ombrias1/train/AFTER/S1_after_0653.png,data/datasets/ombrias1/train/MASK/S1_mask_0653.png
0454,data/datasets/ombrias1/train/BEFORE/S1_before_0454.png,data/datasets/ombrias1/train/AFTER/S1_after_0454.png,data/datasets/ombrias1/train/MASK/S1_mask_0454.png
0026,data/datasets/ombrias1/train/BEFORE/S1_before_0026.png,data/datasets/ombrias1/train/AFTER/S1_after_0026.png,data/datasets/ombrias1/train/MASK/S1_mask_0026.png
0570,data/datasets/ombrias1/train/BEFORE/S1_before_0570.png,data/datasets/ombrias1/train/AFTER/S1_after_0570.png,data/datasets/ombrias1/train/MASK/S1_mask_0570.png
0112,data/datasets/ombrias1/train/BEFORE/S1_before_0112.png,data/datasets/ombrias1/train/AFTER/S1_after_0112.png,data/datasets/ombrias1/train/MASK/S1_mask_0112.png
0283,data/datasets/ombrias1/train/BEFORE/S1_before_0283.png,data/datasets/ombrias1/train/AFTER/S1_after_0283.png,data/datasets/ombrias1/train/MASK/S1_mask_0283.png
0148,data/datasets/ombrias1/train/BEFORE/S1_before_0148.png,data/datasets/ombrias1/train/AFTER/S1_after_0148.png,data/datasets/ombrias1/train/MASK/S1_mask_0148.png
0493,data/datasets/ombrias1/train/BEFORE/S1_before_0493.png,data/datasets/ombrias1/train/AFTER/S1_after_0493.png,data/datasets/ombrias1/train/MASK/S1_mask_0493.png
0314,data/datasets/ombrias1/train/BEFORE/S1_before_0314.png,data/datasets/ombrias1/train/AFTER/S1_after_0314.png,data/datasets/ombrias1/train/MASK/S1_mask_0314.png
0265,data/datasets/ombrias1/train/BEFORE/S1_before_0265.png,data/datasets/ombrias1/train/AFTER/S1_after_0265.png,data/datasets/ombrias1/train/MASK/S1_mask_0265.png
0218,data/datasets/ombrias1/train/BEFORE/S1_before_0218.png,data/datasets/ombrias1/train/AFTER/S1_after_0218.png,data/datasets/ombrias1/train/MASK/S1_mask_0218.png
0539,data/datasets/ombrias1/train/BEFORE/S1_before_0539.png,data/datasets/ombrias1/train/AFTER/S1_after_0539.png,data/datasets/ombrias1/train/MASK/S1_mask_0539.png
0292,data/datasets/ombrias1/train/BEFORE/S1_before_0292.png,data/datasets/ombrias1/train/AFTER/S1_after_0292.png,data/datasets/ombrias1/train/MASK/S1_mask_0292.png
0418,data/datasets/ombrias1/train/BEFORE/S1_before_0418.png,data/datasets/ombrias1/train/AFTER/S1_after_0418.png,data/datasets/ombrias1/train/MASK/S1_mask_0418.png
0582,data/datasets/ombrias1/train/BEFORE/S1_before_0582.png,data/datasets/ombrias1/train/AFTER/S1_after_0582.png,data/datasets/ombrias1/train/MASK/S1_mask_0582.png
0401,data/datasets/ombrias1/train/BEFORE/S1_before_0401.png,data/datasets/ombrias1/train/AFTER/S1_after_0401.png,data/datasets/ombrias1/train/MASK/S1_mask_0401.png
0103,data/datasets/ombrias1/train/BEFORE/S1_before_0103.png,data/datasets/ombrias1/train/AFTER/S1_after_0103.png,data/datasets/ombrias1/train/MASK/S1_mask_0103.png
0527,data/datasets/ombrias1/train/BEFORE/S1_before_0527.png,data/datasets/ombrias1/train/AFTER/S1_after_0527.png,data/datasets/ombrias1/train/MASK/S1_mask_0527.png
0029,data/datasets/ombrias1/train/BEFORE/S1_before_0029.png,data/datasets/ombrias1/train/AFTER/S1_after_0029.png,data/datasets/ombrias1/train/MASK/S1_mask_0029.png
0324,data/datasets/ombrias1/train/BEFORE/S1_before_0324.png,data/datasets/ombrias1/train/AFTER/S1_after_0324.png,data/datasets/ombrias1/train/MASK/S1_mask_0324.png
0775,data/datasets/ombrias1/train/BEFORE/S1_before_0775.png,data/datasets/ombrias1/train/AFTER/S1_after_0775.png,data/datasets/ombrias1/train/MASK/S1_mask_0775.png
0190,data/datasets/ombrias1/train/BEFORE/S1_before_0190.png,data/datasets/ombrias1/train/AFTER/S1_after_0190.png,data/datasets/ombrias1/train/MASK/S1_mask_0190.png
0473,data/datasets/ombrias1/train/BEFORE/S1_before_0473.png,data/datasets/ombrias1/train/AFTER/S1_after_0473.png,data/datasets/ombrias1/train/MASK/S1_mask_0473.png
0242,data/datasets/ombrias1/train/BEFORE/S1_before_0242.png,data/datasets/ombrias1/train/AFTER/S1_after_0242.png,data/datasets/ombrias1/train/MASK/S1_mask_0242.png
0003,data/datasets/ombrias1/train/BEFORE/S1_before_0003.png,data/datasets/ombrias1/train/AFTER/S1_after_0003.png,data/datasets/ombrias1/train/MASK/S1_mask_0003.png
0410,data/datasets/ombrias1/train/BEFORE/S1_before_0410.png,data/datasets/ombrias1/train/AFTER/S1_after_0410.png,data/datasets/ombrias1/train/MASK/S1_mask_0410.png
0517,data/datasets/ombrias1/train/BEFORE/S1_before_0517.png,data/datasets/ombrias1/train/AFTER/S1_after_0517.png,data/datasets/ombrias1/train/MASK/S1_mask_0517.png
0272,data/datasets/ombrias1/train/BEFORE/S1_before_0272.png,data/datasets/ombrias1/train/AFTER/S1_after_0272.png,data/datasets/ombrias1/train/MASK/S1_mask_0272.png
0027,data/datasets/ombrias1/train/BEFORE/S1_before_0027.png,data/datasets/ombrias1/train/AFTER/S1_after_0027.png,data/datasets/ombrias1/train/MASK/S1_mask_0027.png
0189,data/datasets/ombrias1/train/BEFORE/S1_before_0189.png,data/datasets/ombrias1/train/AFTER/S1_after_0189.png,data/datasets/ombrias1/train/MASK/S1_mask_0189.png
0660,data/datasets/ombrias1/train/BEFORE/S1_before_0660.png,data/datasets/ombrias1/train/AFTER/S1_after_0660.png,data/datasets/ombrias1/train/MASK/S1_mask_0660.png
0474,data/datasets/ombrias1/train/BEFORE/S1_before_0474.png,data/datasets/ombrias1/train/AFTER/S1_after_0474.png,data/datasets/ombrias1/train/MASK/S1_mask_0474.png
0386,data/datasets/ombrias1/train/BEFORE/S1_before_0386.png,data/datasets/ombrias1/train/AFTER/S1_after_0386.png,data/datasets/ombrias1/train/MASK/S1_mask_0386.png
0460,data/datasets/ombrias1/train/BEFORE/S1_before_0460.png,data/datasets/ombrias1/train/AFTER/S1_after_0460.png,data/datasets/ombrias1/train/MASK/S1_mask_0460.png
0430,data/datasets/ombrias1/train/BEFORE/S1_before_0430.png,data/datasets/ombrias1/train/AFTER/S1_after_0430.png,data/datasets/ombrias1/train/MASK/S1_mask_0430.png
0256,data/datasets/ombrias1/train/BEFORE/S1_before_0256.png,data/datasets/ombrias1/train/AFTER/S1_after_0256.png,data/datasets/ombrias1/train/MASK/S1_mask_0256.png
0424,data/datasets/ombrias1/train/BEFORE/S1_before_0424.png,data/datasets/ombrias1/train/AFTER/S1_after_0424.png,data/datasets/ombrias1/train/MASK/S1_mask_0424.png
0780,data/datasets/ombrias1/train/BEFORE/S1_before_0780.png,data/datasets/ombrias1/train/AFTER/S1_after_0780.png,data/datasets/ombrias1/train/MASK/S1_mask_0780.png
0072,data/datasets/ombrias1/train/BEFORE/S1_before_0072.png,data/datasets/ombrias1/train/AFTER/S1_after_0072.png,data/datasets/ombrias1/train/MASK/S1_mask_0072.png
0235,data/datasets/ombrias1/train/BEFORE/S1_before_0235.png,data/datasets/ombrias1/train/AFTER/S1_after_0235.png,data/datasets/ombrias1/train/MASK/S1_mask_0235.png
0076,data/datasets/ombrias1/train/BEFORE/S1_before_0076.png,data/datasets/ombrias1/train/AFTER/S1_after_0076.png,data/datasets/ombrias1/train/MASK/S1_mask_0076.png
0732,data/datasets/ombrias1/train/BEFORE/S1_before_0732.png,data/datasets/ombrias1/train/AFTER/S1_after_0732.png,data/datasets/ombrias1/train/MASK/S1_mask_0732.png
0271,data/datasets/ombrias1/train/BEFORE/S1_before_0271.png,data/datasets/ombrias1/train/AFTER/S1_after_0271.png,data/datasets/ombrias1/train/MASK/S1_mask_0271.png
0485,data/datasets/ombrias1/train/BEFORE/S1_before_0485.png,data/datasets/ombrias1/train/AFTER/S1_after_0485.png,data/datasets/ombrias1/train/MASK/S1_mask_0485.png
0119,data/datasets/ombrias1/train/BEFORE/S1_before_0119.png,data/datasets/ombrias1/train/AFTER/S1_after_0119.png,data/datasets/ombrias1/train/MASK/S1_mask_0119.png
0390,data/datasets/ombrias1/train/BEFORE/S1_before_0390.png,data/datasets/ombrias1/train/AFTER/S1_after_0390.png,data/datasets/ombrias1/train/MASK/S1_mask_0390.png
0102,data/datasets/ombrias1/train/BEFORE/S1_before_0102.png,data/datasets/ombrias1/train/AFTER/S1_after_0102.png,data/datasets/ombrias1/train/MASK/S1_mask_0102.png
0266,data/datasets/ombrias1/train/BEFORE/S1_before_0266.png,data/datasets/ombrias1/train/AFTER/S1_after_0266.png,data/datasets/ombrias1/train/MASK/S1_mask_0266.png
0406,data/datasets/ombrias1/train/BEFORE/S1_before_0406.png,data/datasets/ombrias1/train/AFTER/S1_after_0406.png,data/datasets/ombrias1/train/MASK/S1_mask_0406.png
0371,data/datasets/ombrias1/train/BEFORE/S1_before_0371.png,data/datasets/ombrias1/train/AFTER/S1_after_0371.png,data/datasets/ombrias1/train/MASK/S1_mask_0371.png
0333,data/datasets/ombrias1/train/BEFORE/S1_before_0333.png,data/datasets/ombrias1/train/AFTER/S1_after_0333.png,data/datasets/ombrias1/train/MASK/S1_mask_0333.png
0397,data/datasets/ombrias1/train/BEFORE/S1_before_0397.png,data/datasets/ombrias1/train/AFTER/S1_after_0397.png,data/datasets/ombrias1/train/MASK/S1_mask_0397.png
0659,data/datasets/ombrias1/train/BEFORE/S1_before_0659.png,data/datasets/ombrias1/train/AFTER/S1_after_0659.png,data/datasets/ombrias1/train/MASK/S1_mask_0659.png
0662,data/datasets/ombrias1/train/BEFORE/S1_before_0662.png,data/datasets/ombrias1/train/AFTER/S1_after_0662.png,data/datasets/ombrias1/train/MASK/S1_mask_0662.png
0747,data/datasets/ombrias1/train/BEFORE/S1_before_0747.png,data/datasets/ombrias1/train/AFTER/S1_after_0747.png,data/datasets/ombrias1/train/MASK/S1_mask_0747.png
0673,data/datasets/ombrias1/train/BEFORE/S1_before_0673.png,data/datasets/ombrias1/train/AFTER/S1_after_0673.png,data/datasets/ombrias1/train/MASK/S1_mask_0673.png
0497,data/datasets/ombrias1/train/BEFORE/S1_before_0497.png,data/datasets/ombrias1/train/AFTER/S1_after_0497.png,data/datasets/ombrias1/train/MASK/S1_mask_0497.png
0198,data/datasets/ombrias1/train/BEFORE/S1_before_0198.png,data/datasets/ombrias1/train/AFTER/S1_after_0198.png,data/datasets/ombrias1/train/MASK/S1_mask_0198.png
0637,data/datasets/ombrias1/train/BEFORE/S1_before_0637.png,data/datasets/ombrias1/train/AFTER/S1_after_0637.png,data/datasets/ombrias1/train/MASK/S1_mask_0637.png
0681,data/datasets/ombrias1/train/BEFORE/S1_before_0681.png,data/datasets/ombrias1/train/AFTER/S1_after_0681.png,data/datasets/ombrias1/train/MASK/S1_mask_0681.png
0171,data/datasets/ombrias1/train/BEFORE/S1_before_0171.png,data/datasets/ombrias1/train/AFTER/S1_after_0171.png,data/datasets/ombrias1/train/MASK/S1_mask_0171.png
0328,data/datasets/ombrias1/train/BEFORE/S1_before_0328.png,data/datasets/ombrias1/train/AFTER/S1_after_0328.png,data/datasets/ombrias1/train/MASK/S1_mask_0328.png
0528,data/datasets/ombrias1/train/BEFORE/S1_before_0528.png,data/datasets/ombrias1/train/AFTER/S1_after_0528.png,data/datasets/ombrias1/train/MASK/S1_mask_0528.png
0519,data/datasets/ombrias1/train/BEFORE/S1_before_0519.png,data/datasets/ombrias1/train/AFTER/S1_after_0519.png,data/datasets/ombrias1/train/MASK/S1_mask_0519.png
0592,data/datasets/ombrias1/train/BEFORE/S1_before_0592.png,data/datasets/ombrias1/train/AFTER/S1_after_0592.png,data/datasets/ombrias1/train/MASK/S1_mask_0592.png
0395,data/datasets/ombrias1/train/BEFORE/S1_before_0395.png,data/datasets/ombrias1/train/AFTER/S1_after_0395.png,data/datasets/ombrias1/train/MASK/S1_mask_0395.png
0226,data/datasets/ombrias1/train/BEFORE/S1_before_0226.png,data/datasets/ombrias1/train/AFTER/S1_after_0226.png,data/datasets/ombrias1/train/MASK/S1_mask_0226.png
0279,data/datasets/ombrias1/train/BEFORE/S1_before_0279.png,data/datasets/ombrias1/train/AFTER/S1_after_0279.png,data/datasets/ombrias1/train/MASK/S1_mask_0279.png
0240,data/datasets/ombrias1/train/BEFORE/S1_before_0240.png,data/datasets/ombrias1/train/AFTER/S1_after_0240.png,data/datasets/ombrias1/train/MASK/S1_mask_0240.png
0733,data/datasets/ombrias1/train/BEFORE/S1_before_0733.png,data/datasets/ombrias1/train/AFTER/S1_after_0733.png,data/datasets/ombrias1/train/MASK/S1_mask_0733.png
0286,data/datasets/ombrias1/train/BEFORE/S1_before_0286.png,data/datasets/ombrias1/train/AFTER/S1_after_0286.png,data/datasets/ombrias1/train/MASK/S1_mask_0286.png
0409,data/datasets/ombrias1/train/BEFORE/S1_before_0409.png,data/datasets/ombrias1/train/AFTER/S1_after_0409.png,data/datasets/ombrias1/train/MASK/S1_mask_0409.png
0094,data/datasets/ombrias1/train/BEFORE/S1_before_0094.png,data/datasets/ombrias1/train/AFTER/S1_after_0094.png,data/datasets/ombrias1/train/MASK/S1_mask_0094.png
0755,data/datasets/ombrias1/train/BEFORE/S1_before_0755.png,data/datasets/ombrias1/train/AFTER/S1_after_0755.png,data/datasets/ombrias1/train/MASK/S1_mask_0755.png
0193,data/datasets/ombrias1/train/BEFORE/S1_before_0193.png,data/datasets/ombrias1/train/AFTER/S1_after_0193.png,data/datasets/ombrias1/train/MASK/S1_mask_0193.png
0774,data/datasets/ombrias1/train/BEFORE/S1_before_0774.png,data/datasets/ombrias1/train/AFTER/S1_after_0774.png,data/datasets/ombrias1/train/MASK/S1_mask_0774.png
0095,data/datasets/ombrias1/train/BEFORE/S1_before_0095.png,data/datasets/ombrias1/train/AFTER/S1_after_0095.png,data/datasets/ombrias1/train/MASK/S1_mask_0095.png
0700,data/datasets/ombrias1/train/BEFORE/S1_before_0700.png,data/datasets/ombrias1/train/AFTER/S1_after_0700.png,data/datasets/ombrias1/train/MASK/S1_mask_0700.png
0718,data/datasets/ombrias1/train/BEFORE/S1_before_0718.png,data/datasets/ombrias1/train/AFTER/S1_after_0718.png,data/datasets/ombrias1/train/MASK/S1_mask_0718.png
0206,data/datasets/ombrias1/train/BEFORE/S1_before_0206.png,data/datasets/ombrias1/train/AFTER/S1_after_0206.png,data/datasets/ombrias1/train/MASK/S1_mask_0206.png
0657,data/datasets/ombrias1/train/BEFORE/S1_before_0657.png,data/datasets/ombrias1/train/AFTER/S1_after_0657.png,data/datasets/ombrias1/train/MASK/S1_mask_0657.png
0128,data/datasets/ombrias1/train/BEFORE/S1_before_0128.png,data/datasets/ombrias1/train/AFTER/S1_after_0128.png,data/datasets/ombrias1/train/MASK/S1_mask_0128.png
0114,data/datasets/ombrias1/train/BEFORE/S1_before_0114.png,data/datasets/ombrias1/train/AFTER/S1_after_0114.png,data/datasets/ombrias1/train/MASK/S1_mask_0114.png
0175,data/datasets/ombrias1/train/BEFORE/S1_before_0175.png,data/datasets/ombrias1/train/AFTER/S1_after_0175.png,data/datasets/ombrias1/train/MASK/S1_mask_0175.png
0385,data/datasets/ombrias1/train/BEFORE/S1_before_0385.png,data/datasets/ombrias1/train/AFTER/S1_after_0385.png,data/datasets/ombrias1/train/MASK/S1_mask_0385.png
0725,data/datasets/ombrias1/train/BEFORE/S1_before_0725.png,data/datasets/ombrias1/train/AFTER/S1_after_0725.png,data/datasets/ombrias1/train/MASK/S1_mask_0725.png
0544,data/datasets/ombrias1/train/BEFORE/S1_before_0544.png,data/datasets/ombrias1/train/AFTER/S1_after_0544.png,data/datasets/ombrias1/train/MASK/S1_mask_0544.png
0378,data/datasets/ombrias1/train/BEFORE/S1_before_0378.png,data/datasets/ombrias1/train/AFTER/S1_after_0378.png,data/datasets/ombrias1/train/MASK/S1_mask_0378.png
0034,data/datasets/ombrias1/train/BEFORE/S1_before_0034.png,data/datasets/ombrias1/train/AFTER/S1_after_0034.png,data/datasets/ombrias1/train/MASK/S1_mask_0034.png
0445,data/datasets/ombrias1/train/BEFORE/S1_before_0445.png,data/datasets/ombrias1/train/AFTER/S1_after_0445.png,data/datasets/ombrias1/train/MASK/S1_mask_0445.png
0032,data/datasets/ombrias1/train/BEFORE/S1_before_0032.png,data/datasets/ombrias1/train/AFTER/S1_after_0032.png,data/datasets/ombrias1/train/MASK/S1_mask_0032.png
0366,data/datasets/ombrias1/train/BEFORE/S1_before_0366.png,data/datasets/ombrias1/train/AFTER/S1_after_0366.png,data/datasets/ombrias1/train/MASK/S1_mask_0366.png
0170,data/datasets/ombrias1/train/BEFORE/S1_before_0170.png,data/datasets/ombrias1/train/AFTER/S1_after_0170.png,data/datasets/ombrias1/train/MASK/S1_mask_0170.png
0762,data/datasets/ombrias1/train/BEFORE/S1_before_0762.png,data/datasets/ombrias1/train/AFTER/S1_after_0762.png,data/datasets/ombrias1/train/MASK/S1_mask_0762.png
0079,data/datasets/ombrias1/train/BEFORE/S1_before_0079.png,data/datasets/ombrias1/train/AFTER/S1_after_0079.png,data/datasets/ombrias1/train/MASK/S1_mask_0079.png
0448,data/datasets/ombrias1/train/BEFORE/S1_before_0448.png,data/datasets/ombrias1/train/AFTER/S1_after_0448.png,data/datasets/ombrias1/train/MASK/S1_mask_0448.png
0614,data/datasets/ombrias1/train/BEFORE/S1_before_0614.png,data/datasets/ombrias1/train/AFTER/S1_after_0614.png,data/datasets/ombrias1/train/MASK/S1_mask_0614.png
0030,data/datasets/ombrias1/train/BEFORE/S1_before_0030.png,data/datasets/ombrias1/train/AFTER/S1_after_0030.png,data/datasets/ombrias1/train/MASK/S1_mask_0030.png
0104,data/datasets/ombrias1/train/BEFORE/S1_before_0104.png,data/datasets/ombrias1/train/AFTER/S1_after_0104.png,data/datasets/ombrias1/train/MASK/S1_mask_0104.png
0484,data/datasets/ombrias1/train/BEFORE/S1_before_0484.png,data/datasets/ombrias1/train/AFTER/S1_after_0484.png,data/datasets/ombrias1/train/MASK/S1_mask_0484.png
0284,data/datasets/ombrias1/train/BEFORE/S1_before_0284.png,data/datasets/ombrias1/train/AFTER/S1_after_0284.png,data/datasets/ombrias1/train/MASK/S1_mask_0284.png
0081,data/datasets/ombrias1/train/BEFORE/S1_before_0081.png,data/datasets/ombrias1/train/AFTER/S1_after_0081.png,data/datasets/ombrias1/train/MASK/S1_mask_0081.png
0783,data/datasets/ombrias1/train/BEFORE/S1_before_0783.png,data/datasets/ombrias1/train/AFTER/S1_after_0783.png,data/datasets/ombrias1/train/MASK/S1_mask_0783.png
0664,data/datasets/ombrias1/train/BEFORE/S1_before_0664.png,data/datasets/ombrias1/train/AFTER/S1_after_0664.png,data/datasets/ombrias1/train/MASK/S1_mask_0664.png
0781,data/datasets/ombrias1/train/BEFORE/S1_before_0781.png,data/datasets/ombrias1/train/AFTER/S1_after_0781.png,data/datasets/ombrias1/train/MASK/S1_mask_0781.png
0784,data/datasets/ombrias1/train/BEFORE/S1_before_0784.png,data/datasets/ombrias1/train/AFTER/S1_after_0784.png,data/datasets/ombrias1/train/MASK/S1_mask_0784.png
0169,data/datasets/ombrias1/train/BEFORE/S1_before_0169.png,data/datasets/ombrias1/train/AFTER/S1_after_0169.png,data/datasets/ombrias1/train/MASK/S1_mask_0169.png
0760,data/datasets/ombrias1/train/BEFORE/S1_before_0760.png,data/datasets/ombrias1/train/AFTER/S1_after_0760.png,data/datasets/ombrias1/train/MASK/S1_mask_0760.png
0285,data/datasets/ombrias1/train/BEFORE/S1_before_0285.png,data/datasets/ombrias1/train/AFTER/S1_after_0285.png,data/datasets/ombrias1/train/MASK/S1_mask_0285.png
0766,data/datasets/ombrias1/train/BEFORE/S1_before_0766.png,data/datasets/ombrias1/train/AFTER/S1_after_0766.png,data/datasets/ombrias1/train/MASK/S1_mask_0766.png
0174,data/datasets/ombrias1/train/BEFORE/S1_before_0174.png,data/datasets/ombrias1/train/AFTER/S1_after_0174.png,data/datasets/ombrias1/train/MASK/S1_mask_0174.png
0106,data/datasets/ombrias1/train/BEFORE/S1_before_0106.png,data/datasets/ombrias1/train/AFTER/S1_after_0106.png,data/datasets/ombrias1/train/MASK/S1_mask_0106.png
0391,data/datasets/ombrias1/train/BEFORE/S1_before_0391.png,data/datasets/ombrias1/train/AFTER/S1_after_0391.png,data/datasets/ombrias1/train/MASK/S1_mask_0391.png
0090,data/datasets/ombrias1/train/BEFORE/S1_before_0090.png,data/datasets/ombrias1/train/AFTER/S1_after_0090.png,data/datasets/ombrias1/train/MASK/S1_mask_0090.png
0633,data/datasets/ombrias1/train/BEFORE/S1_before_0633.png,data/datasets/ombrias1/train/AFTER/S1_after_0633.png,data/datasets/ombrias1/train/MASK/S1_mask_0633.png
0299,data/datasets/ombrias1/train/BEFORE/S1_before_0299.png,data/datasets/ombrias1/train/AFTER/S1_after_0299.png,data/datasets/ombrias1/train/MASK/S1_mask_0299.png
0144,data/datasets/ombrias1/train/BEFORE/S1_before_0144.png,data/datasets/ombrias1/train/AFTER/S1_after_0144.png,data/datasets/ombrias1/train/MASK/S1_mask_0144.png
0380,data/datasets/ombrias1/train/BEFORE/S1_before_0380.png,data/datasets/ombrias1/train/AFTER/S1_after_0380.png,data/datasets/ombrias1/train/MASK/S1_mask_0380.png
0426,data/datasets/ombrias1/train/BEFORE/S1_before_0426.png,data/datasets/ombrias1/train/AFTER/S1_after_0426.png,data/datasets/ombrias1/train/MASK/S1_mask_0426.png
0521,data/datasets/ombrias1/train/BEFORE/S1_before_0521.png,data/datasets/ombrias1/train/AFTER/S1_after_0521.png,data/datasets/ombrias1/train/MASK/S1_mask_0521.png
0644,data/datasets/ombrias1/train/BEFORE/S1_before_0644.png,data/datasets/ombrias1/train/AFTER/S1_after_0644.png,data/datasets/ombrias1/train/MASK/S1_mask_0644.png
0086,data/datasets/ombrias1/train/BEFORE/S1_before_0086.png,data/datasets/ombrias1/train/AFTER/S1_after_0086.png,data/datasets/ombrias1/train/MASK/S1_mask_0086.png
0061,data/datasets/ombrias1/train/BEFORE/S1_before_0061.png,data/datasets/ombrias1/train/AFTER/S1_after_0061.png,data/datasets/ombrias1/train/MASK/S1_mask_0061.png
0776,data/datasets/ombrias1/train/BEFORE/S1_before_0776.png,data/datasets/ombrias1/train/AFTER/S1_after_0776.png,data/datasets/ombrias1/train/MASK/S1_mask_0776.png
0686,data/datasets/ombrias1/train/BEFORE/S1_before_0686.png,data/datasets/ombrias1/train/AFTER/S1_after_0686.png,data/datasets/ombrias1/train/MASK/S1_mask_0686.png
0779,data/datasets/ombrias1/train/BEFORE/S1_before_0779.png,data/datasets/ombrias1/train/AFTER/S1_after_0779.png,data/datasets/ombrias1/train/MASK/S1_mask_0779.png
0365,data/datasets/ombrias1/train/BEFORE/S1_before_0365.png,data/datasets/ombrias1/train/AFTER/S1_after_0365.png,data/datasets/ombrias1/train/MASK/S1_mask_0365.png
0377,data/datasets/ombrias1/train/BEFORE/S1_before_0377.png,data/datasets/ombrias1/train/AFTER/S1_after_0377.png,data/datasets/ombrias1/train/MASK/S1_mask_0377.png
0661,data/datasets/ombrias1/train/BEFORE/S1_before_0661.png,data/datasets/ombrias1/train/AFTER/S1_after_0661.png,data/datasets/ombrias1/train/MASK/S1_mask_0661.png
0436,data/datasets/ombrias1/train/BEFORE/S1_before_0436.png,data/datasets/ombrias1/train/AFTER/S1_after_0436.png,data/datasets/ombrias1/train/MASK/S1_mask_0436.png
0358,data/datasets/ombrias1/train/BEFORE/S1_before_0358.png,data/datasets/ombrias1/train/AFTER/S1_after_0358.png,data/datasets/ombrias1/train/MASK/S1_mask_0358.png
0683,data/datasets/ombrias1/train/BEFORE/S1_before_0683.png,data/datasets/ombrias1/train/AFTER/S1_after_0683.png,data/datasets/ombrias1/train/MASK/S1_mask_0683.png
0435,data/datasets/ombrias1/train/BEFORE/S1_before_0435.png,data/datasets/ombrias1/train/AFTER/S1_after_0435.png,data/datasets/ombrias1/train/MASK/S1_mask_0435.png
0065,data/datasets/ombrias1/train/BEFORE/S1_before_0065.png,data/datasets/ombrias1/train/AFTER/S1_after_0065.png,data/datasets/ombrias1/train/MASK/S1_mask_0065.png
0758,data/datasets/ombrias1/train/BEFORE/S1_before_0758.png,data/datasets/ombrias1/train/AFTER/S1_after_0758.png,data/datasets/ombrias1/train/MASK/S1_mask_0758.png
0647,data/datasets/ombrias1/train/BEFORE/S1_before_0647.png,data/datasets/ombrias1/train/AFTER/S1_after_0647.png,data/datasets/ombrias1/train/MASK/S1_mask_0647.png
0246,data/datasets/ombrias1/train/BEFORE/S1_before_0246.png,data/datasets/ombrias1/train/AFTER/S1_after_0246.png,data/datasets/ombrias1/train/MASK/S1_mask_0246.png
0085,data/datasets/ombrias1/train/BEFORE/S1_before_0085.png,data/datasets/ombrias1/train/AFTER/S1_after_0085.png,data/datasets/ombrias1/train/MASK/S1_mask_0085.png
0088,data/datasets/ombrias1/train/BEFORE/S1_before_0088.png,data/datasets/ombrias1/train/AFTER/S1_after_0088.png,data/datasets/ombrias1/train/MASK/S1_mask_0088.png
0738,data/datasets/ombrias1/train/BEFORE/S1_before_0738.png,data/datasets/ombrias1/train/AFTER/S1_after_0738.png,data/datasets/ombrias1/train/MASK/S1_mask_0738.png
0142,data/datasets/ombrias1/train/BEFORE/S1_before_0142.png,data/datasets/ombrias1/train/AFTER/S1_after_0142.png,data/datasets/ombrias1/train/MASK/S1_mask_0142.png
0021,data/datasets/ombrias1/train/BEFORE/S1_before_0021.png,data/datasets/ombrias1/train/AFTER/S1_after_0021.png,data/datasets/ombrias1/train/MASK/S1_mask_0021.png
0320,data/datasets/ombrias1/train/BEFORE/S1_before_0320.png,data/datasets/ombrias1/train/AFTER/S1_after_0320.png,data/datasets/ombrias1/train/MASK/S1_mask_0320.png
0583,data/datasets/ombrias1/train/BEFORE/S1_before_0583.png,data/datasets/ombrias1/train/AFTER/S1_after_0583.png,data/datasets/ombrias1/train/MASK/S1_mask_0583.png
0092,data/datasets/ombrias1/train/BEFORE/S1_before_0092.png,data/datasets/ombrias1/train/AFTER/S1_after_0092.png,data/datasets/ombrias1/train/MASK/S1_mask_0092.png
0501,data/datasets/ombrias1/train/BEFORE/S1_before_0501.png,data/datasets/ombrias1/train/AFTER/S1_after_0501.png,data/datasets/ombrias1/train/MASK/S1_mask_0501.png
0051,data/datasets/ombrias1/train/BEFORE/S1_before_0051.png,data/datasets/ombrias1/train/AFTER/S1_after_0051.png,data/datasets/ombrias1/train/MASK/S1_mask_0051.png
0727,data/datasets/ombrias1/train/BEFORE/S1_before_0727.png,data/datasets/ombrias1/train/AFTER/S1_after_0727.png,data/datasets/ombrias1/train/MASK/S1_mask_0727.png
0663,data/datasets/ombrias1/train/BEFORE/S1_before_0663.png,data/datasets/ombrias1/train/AFTER/S1_after_0663.png,data/datasets/ombrias1/train/MASK/S1_mask_0663.png
0130,data/datasets/ombrias1/train/BEFORE/S1_before_0130.png,data/datasets/ombrias1/train/AFTER/S1_after_0130.png,data/datasets/ombrias1/train/MASK/S1_mask_0130.png
0225,data/datasets/ombrias1/train/BEFORE/S1_before_0225.png,data/datasets/ombrias1/train/AFTER/S1_after_0225.png,data/datasets/ombrias1/train/MASK/S1_mask_0225.png
0590,data/datasets/ombrias1/train/BEFORE/S1_before_0590.png,data/datasets/ombrias1/train/AFTER/S1_after_0590.png,data/datasets/ombrias1/train/MASK/S1_mask_0590.png
0294,data/datasets/ombrias1/train/BEFORE/S1_before_0294.png,data/datasets/ombrias1/train/AFTER/S1_after_0294.png,data/datasets/ombrias1/train/MASK/S1_mask_0294.png
0367,data/datasets/ombrias1/train/BEFORE/S1_before_0367.png,data/datasets/ombrias1/train/AFTER/S1_after_0367.png,data/datasets/ombrias1/train/MASK/S1_mask_0367.png
0300,data/datasets/ombrias1/train/BEFORE/S1_before_0300.png,data/datasets/ombrias1/train/AFTER/S1_after_0300.png,data/datasets/ombrias1/train/MASK/S1_mask_0300.png
0152,data/datasets/ombrias1/train/BEFORE/S1_before_0152.png,data/datasets/ombrias1/train/AFTER/S1_after_0152.png,data/datasets/ombrias1/train/MASK/S1_mask_0152.png
0096,data/datasets/ombrias1/train/BEFORE/S1_before_0096.png,data/datasets/ombrias1/train/AFTER/S1_after_0096.png,data/datasets/ombrias1/train/MASK/S1_mask_0096.png
0749,data/datasets/ombrias1/train/BEFORE/S1_before_0749.png,data/datasets/ombrias1/train/AFTER/S1_after_0749.png,data/datasets/ombrias1/train/MASK/S1_mask_0749.png
0311,data/datasets/ombrias1/train/BEFORE/S1_before_0311.png,data/datasets/ombrias1/train/AFTER/S1_after_0311.png,data/datasets/ombrias1/train/MASK/S1_mask_0311.png
0524,data/datasets/ombrias1/train/BEFORE/S1_before_0524.png,data/datasets/ombrias1/train/AFTER/S1_after_0524.png,data/datasets/ombrias1/train/MASK/S1_mask_0524.png
0742,data/datasets/ombrias1/train/BEFORE/S1_before_0742.png,data/datasets/ombrias1/train/AFTER/S1_after_0742.png,data/datasets/ombrias1/train/MASK/S1_mask_0742.png
0239,data/datasets/ombrias1/train/BEFORE/S1_before_0239.png,data/datasets/ombrias1/train/AFTER/S1_after_0239.png,data/datasets/ombrias1/train/MASK/S1_mask_0239.png
0074,data/datasets/ombrias1/train/BEFORE/S1_before_0074.png,data/datasets/ombrias1/train/AFTER/S1_after_0074.png,data/datasets/ombrias1/train/MASK/S1_mask_0074.png
0012,data/datasets/ombrias1/train/BEFORE/S1_before_0012.png,data/datasets/ombrias1/train/AFTER/S1_after_0012.png,data/datasets/ombrias1/train/MASK/S1_mask_0012.png
0289,data/datasets/ombrias1/train/BEFORE/S1_before_0289.png,data/datasets/ombrias1/train/AFTER/S1_after_0289.png,data/datasets/ombrias1/train/MASK/S1_mask_0289.png
0016,data/datasets/ombrias1/train/BEFORE/S1_before_0016.png,data/datasets/ombrias1/train/AFTER/S1_after_0016.png,data/datasets/ombrias1/train/MASK/S1_mask_0016.png
0411,data/datasets/ombrias1/train/BEFORE/S1_before_0411.png,data/datasets/ombrias1/train/AFTER/S1_after_0411.png,data/datasets/ombrias1/train/MASK/S1_mask_0411.png
0463,data/datasets/ombrias1/train/BEFORE/S1_before_0463.png,data/datasets/ombrias1/train/AFTER/S1_after_0463.png,data/datasets/ombrias1/train/MASK/S1_mask_0463.png
0443,data/datasets/ombrias1/train/BEFORE/S1_before_0443.png,data/datasets/ombrias1/train/AFTER/S1_after_0443.png,data/datasets/ombrias1/train/MASK/S1_mask_0443.png
0017,data/datasets/ombrias1/train/BEFORE/S1_before_0017.png,data/datasets/ombrias1/train/AFTER/S1_after_0017.png,data/datasets/ombrias1/train/MASK/S1_mask_0017.png
0053,data/datasets/ombrias1/train/BEFORE/S1_before_0053.png,data/datasets/ombrias1/train/AFTER/S1_after_0053.png,data/datasets/ombrias1/train/MASK/S1_mask_0053.png
0091,data/datasets/ombrias1/train/BEFORE/S1_before_0091.png,data/datasets/ombrias1/train/AFTER/S1_after_0091.png,data/datasets/ombrias1/train/MASK/S1_mask_0091.png
0083,data/datasets/ombrias1/train/BEFORE/S1_before_0083.png,data/datasets/ombrias1/train/AFTER/S1_after_0083.png,data/datasets/ombrias1/train/MASK/S1_mask_0083.png
0143,data/datasets/ombrias1/train/BEFORE/S1_before_0143.png,data/datasets/ombrias1/train/AFTER/S1_after_0143.png,data/datasets/ombrias1/train/MASK/S1_mask_0143.png
0353,data/datasets/ombrias1/train/BEFORE/S1_before_0353.png,data/datasets/ombrias1/train/AFTER/S1_after_0353.png,data/datasets/ombrias1/train/MASK/S1_mask_0353.png
0062,data/datasets/ombrias1/train/BEFORE/S1_before_0062.png,data/datasets/ombrias1/train/AFTER/S1_after_0062.png,data/datasets/ombrias1/train/MASK/S1_mask_0062.png
0363,data/datasets/ombrias1/train/BEFORE/S1_before_0363.png,data/datasets/ombrias1/train/AFTER/S1_after_0363.png,data/datasets/ombrias1/train/MASK/S1_mask_0363.png
0751,data/datasets/ombrias1/train/BEFORE/S1_before_0751.png,data/datasets/ombrias1/train/AFTER/S1_after_0751.png,data/datasets/ombrias1/train/MASK/S1_mask_0751.png
0191,data/datasets/ombrias1/train/BEFORE/S1_before_0191.png,data/datasets/ombrias1/train/AFTER/S1_after_0191.png,data/datasets/ombrias1/train/MASK/S1_mask_0191.png
0223,data/datasets/ombrias1/train/BEFORE/S1_before_0223.png,data/datasets/ombrias1/train/AFTER/S1_after_0223.png,data/datasets/ombrias1/train/MASK/S1_mask_0223.png
0520,data/datasets/ombrias1/train/BEFORE/S1_before_0520.png,data/datasets/ombrias1/train/AFTER/S1_after_0520.png,data/datasets/ombrias1/train/MASK/S1_mask_0520.png
0488,data/datasets/ombrias1/train/BEFORE/S1_before_0488.png,data/datasets/ombrias1/train/AFTER/S1_after_0488.png,data/datasets/ombrias1/train/MASK/S1_mask_0488.png
0150,data/datasets/ombrias1/train/BEFORE/S1_before_0150.png,data/datasets/ombrias1/train/AFTER/S1_after_0150.png,data/datasets/ombrias1/train/MASK/S1_mask_0150.png
0560,data/datasets/ombrias1/train/BEFORE/S1_before_0560.png,data/datasets/ombrias1/train/AFTER/S1_after_0560.png,data/datasets/ombrias1/train/MASK/S1_mask_0560.png
0196,data/datasets/ombrias1/train/BEFORE/S1_before_0196.png,data/datasets/ombrias1/train/AFTER/S1_after_0196.png,data/datasets/ombrias1/train/MASK/S1_mask_0196.png
0327,data/datasets/ombrias1/train/BEFORE/S1_before_0327.png,data/datasets/ombrias1/train/AFTER/S1_after_0327.png,data/datasets/ombrias1/train/MASK/S1_mask_0327.png
0249,data/datasets/ombrias1/train/BEFORE/S1_before_0249.png,data/datasets/ombrias1/train/AFTER/S1_after_0249.png,data/datasets/ombrias1/train/MASK/S1_mask_0249.png
0536,data/datasets/ombrias1/train/BEFORE/S1_before_0536.png,data/datasets/ombrias1/train/AFTER/S1_after_0536.png,data/datasets/ombrias1/train/MASK/S1_mask_0536.png
0216,data/datasets/ombrias1/train/BEFORE/S1_before_0216.png,data/datasets/ombrias1/train/AFTER/S1_after_0216.png,data/datasets/ombrias1/train/MASK/S1_mask_0216.png
0434,data/datasets/ombrias1/train/BEFORE/S1_before_0434.png,data/datasets/ombrias1/train/AFTER/S1_after_0434.png,data/datasets/ombrias1/train/MASK/S1_mask_0434.png
0354,data/datasets/ombrias1/train/BEFORE/S1_before_0354.png,data/datasets/ombrias1/train/AFTER/S1_after_0354.png,data/datasets/ombrias1/train/MASK/S1_mask_0354.png
0724,data/datasets/ombrias1/train/BEFORE/S1_before_0724.png,data/datasets/ombrias1/train/AFTER/S1_after_0724.png,data/datasets/ombrias1/train/MASK/S1_mask_0724.png
0669,data/datasets/ombrias1/train/BEFORE/S1_before_0669.png,data/datasets/ombrias1/train/AFTER/S1_after_0669.png,data/datasets/ombrias1/train/MASK/S1_mask_0669.png
0499,data/datasets/ombrias1/train/BEFORE/S1_before_0499.png,data/datasets/ombrias1/train/AFTER/S1_after_0499.png,data/datasets/ombrias1/train/MASK/S1_mask_0499.png
0433,data/datasets/ombrias1/train/BEFORE/S1_before_0433.png,data/datasets/ombrias1/train/AFTER/S1_after_0433.png,data/datasets/ombrias1/train/MASK/S1_mask_0433.png
0552,data/datasets/ombrias1/train/BEFORE/S1_before_0552.png,data/datasets/ombrias1/train/AFTER/S1_after_0552.png,data/datasets/ombrias1/train/MASK/S1_mask_0552.png
0264,data/datasets/ombrias1/train/BEFORE/S1_before_0264.png,data/datasets/ombrias1/train/AFTER/S1_after_0264.png,data/datasets/ombrias1/train/MASK/S1_mask_0264.png
0248,data/datasets/ombrias1/train/BEFORE/S1_before_0248.png,data/datasets/ombrias1/train/AFTER/S1_after_0248.png,data/datasets/ombrias1/train/MASK/S1_mask_0248.png
0043,data/datasets/ombrias1/train/BEFORE/S1_before_0043.png,data/datasets/ombrias1/train/AFTER/S1_after_0043.png,data/datasets/ombrias1/train/MASK/S1_mask_0043.png
0122,data/datasets/ombrias1/train/BEFORE/S1_before_0122.png,data/datasets/ombrias1/train/AFTER/S1_after_0122.png,data/datasets/ombrias1/train/MASK/S1_mask_0122.png
0347,data/datasets/ombrias1/train/BEFORE/S1_before_0347.png,data/datasets/ombrias1/train/AFTER/S1_after_0347.png,data/datasets/ombrias1/train/MASK/S1_mask_0347.png
0490,data/datasets/ombrias1/train/BEFORE/S1_before_0490.png,data/datasets/ombrias1/train/AFTER/S1_after_0490.png,data/datasets/ombrias1/train/MASK/S1_mask_0490.png
0054,data/datasets/ombrias1/train/BEFORE/S1_before_0054.png,data/datasets/ombrias1/train/AFTER/S1_after_0054.png,data/datasets/ombrias1/train/MASK/S1_mask_0054.png
0203,data/datasets/ombrias1/train/BEFORE/S1_before_0203.png,data/datasets/ombrias1/train/AFTER/S1_after_0203.png,data/datasets/ombrias1/train/MASK/S1_mask_0203.png
0491,data/datasets/ombrias1/train/BEFORE/S1_before_0491.png,data/datasets/ombrias1/train/AFTER/S1_after_0491.png,data/datasets/ombrias1/train/MASK/S1_mask_0491.png
0181,data/datasets/ombrias1/train/BEFORE/S1_before_0181.png,data/datasets/ombrias1/train/AFTER/S1_after_0181.png,data/datasets/ombrias1/train/MASK/S1_mask_0181.png
0770,data/datasets/ombrias1/train/BEFORE/S1_before_0770.png,data/datasets/ombrias1/train/AFTER/S1_after_0770.png,data/datasets/ombrias1/train/MASK/S1_mask_0770.png
0127,data/datasets/ombrias1/train/BEFORE/S1_before_0127.png,data/datasets/ombrias1/train/AFTER/S1_after_0127.png,data/datasets/ombrias1/train/MASK/S1_mask_0127.png
0778,data/datasets/ombrias1/train/BEFORE/S1_before_0778.png,data/datasets/ombrias1/train/AFTER/S1_after_0778.png,data/datasets/ombrias1/train/MASK/S1_mask_0778.png
0489,data/datasets/ombrias1/train/BEFORE/S1_before_0489.png,data/datasets/ombrias1/train/AFTER/S1_after_0489.png,data/datasets/ombrias1/train/MASK/S1_mask_0489.png
0627,data/datasets/ombrias1/train/BEFORE/S1_before_0627.png,data/datasets/ombrias1/train/AFTER/S1_after_0627.png,data/datasets/ombrias1/train/MASK/S1_mask_0627.png
0415,data/datasets/ombrias1/train/BEFORE/S1_before_0415.png,data/datasets/ombrias1/train/AFTER/S1_after_0415.png,data/datasets/ombrias1/train/MASK/S1_mask_0415.png
0258,data/datasets/ombrias1/train/BEFORE/S1_before_0258.png,data/datasets/ombrias1/train/AFTER/S1_after_0258.png,data/datasets/ombrias1/train/MASK/S1_mask_0258.png
0336,data/datasets/ombrias1/train/BEFORE/S1_before_0336.png,data/datasets/ombrias1/train/AFTER/S1_after_0336.png,data/datasets/ombrias1/train/MASK/S1_mask_0336.png
0335,data/datasets/ombrias1/train/BEFORE/S1_before_0335.png,data/datasets/ombrias1/train/AFTER/S1_after_0335.png,data/datasets/ombrias1/train/MASK/S1_mask_0335.png
0089,data/datasets/ombrias1/train/BEFORE/S1_before_0089.png,data/datasets/ombrias1/train/AFTER/S1_after_0089.png,data/datasets/ombrias1/train/MASK/S1_mask_0089.png
0509,data/datasets/ombrias1/train/BEFORE/S1_before_0509.png,data/datasets/ombrias1/train/AFTER/S1_after_0509.png,data/datasets/ombrias1/train/MASK/S1_mask_0509.png
0447,data/datasets/ombrias1/train/BEFORE/S1_before_0447.png,data/datasets/ombrias1/train/AFTER/S1_after_0447.png,data/datasets/ombrias1/train/MASK/S1_mask_0447.png
0362,data/datasets/ombrias1/train/BEFORE/S1_before_0362.png,data/datasets/ombrias1/train/AFTER/S1_after_0362.png,data/datasets/ombrias1/train/MASK/S1_mask_0362.png
0334,data/datasets/ombrias1/train/BEFORE/S1_before_0334.png,data/datasets/ombrias1/train/AFTER/S1_after_0334.png,data/datasets/ombrias1/train/MASK/S1_mask_0334.png
0625,data/datasets/ombrias1/train/BEFORE/S1_before_0625.png,data/datasets/ombrias1/train/AFTER/S1_after_0625.png,data/datasets/ombrias1/train/MASK/S1_mask_0625.png
0117,data/datasets/ombrias1/train/BEFORE/S1_before_0117.png,data/datasets/ombrias1/train/AFTER/S1_after_0117.png,data/datasets/ombrias1/train/MASK/S1_mask_0117.png
0538,data/datasets/ombrias1/train/BEFORE/S1_before_0538.png,data/datasets/ombrias1/train/AFTER/S1_after_0538.png,data/datasets/ombrias1/train/MASK/S1_mask_0538.png
0325,data/datasets/ombrias1/train/BEFORE/S1_before_0325.png,data/datasets/ombrias1/train/AFTER/S1_after_0325.png,data/datasets/ombrias1/train/MASK/S1_mask_0325.png
0622,data/datasets/ombrias1/train/BEFORE/S1_before_0622.png,data/datasets/ombrias1/train/AFTER/S1_after_0622.png,data/datasets/ombrias1/train/MASK/S1_mask_0622.png
0182,data/datasets/ombrias1/train/BEFORE/S1_before_0182.png,data/datasets/ombrias1/train/AFTER/S1_after_0182.png,data/datasets/ombrias1/train/MASK/S1_mask_0182.png
0010,data/datasets/ombrias1/train/BEFORE/S1_before_0010.png,data/datasets/ombrias1/train/AFTER/S1_after_0010.png,data/datasets/ombrias1/train/MASK/S1_mask_0010.png
0500,data/datasets/ombrias1/train/BEFORE/S1_before_0500.png,data/datasets/ombrias1/train/AFTER/S1_after_0500.png,data/datasets/ombrias1/train/MASK/S1_mask_0500.png
0291,data/datasets/ombrias1/train/BEFORE/S1_before_0291.png,data/datasets/ombrias1/train/AFTER/S1_after_0291.png,data/datasets/ombrias1/train/MASK/S1_mask_0291.png
0176,data/datasets/ombrias1/train/BEFORE/S1_before_0176.png,data/datasets/ombrias1/train/AFTER/S1_after_0176.png,data/datasets/ombrias1/train/MASK/S1_mask_0176.png
0211,data/datasets/ombrias1/train/BEFORE/S1_before_0211.png,data/datasets/ombrias1/train/AFTER/S1_after_0211.png,data/datasets/ombrias1/train/MASK/S1_mask_0211.png
0160,data/datasets/ombrias1/train/BEFORE/S1_before_0160.png,data/datasets/ombrias1/train/AFTER/S1_after_0160.png,data/datasets/ombrias1/train/MASK/S1_mask_0160.png
0310,data/datasets/ombrias1/train/BEFORE/S1_before_0310.png,data/datasets/ombrias1/train/AFTER/S1_after_0310.png,data/datasets/ombrias1/train/MASK/S1_mask_0310.png
0282,data/datasets/ombrias1/train/BEFORE/S1_before_0282.png,data/datasets/ombrias1/train/AFTER/S1_after_0282.png,data/datasets/ombrias1/train/MASK/S1_mask_0282.png
0118,data/datasets/ombrias1/train/BEFORE/S1_before_0118.png,data/datasets/ombrias1/train/AFTER/S1_after_0118.png,data/datasets/ombrias1/train/MASK/S1_mask_0118.png
0253,data/datasets/ombrias1/train/BEFORE/S1_before_0253.png,data/datasets/ombrias1/train/AFTER/S1_after_0253.png,data/datasets/ombrias1/train/MASK/S1_mask_0253.png
0635,data/datasets/ombrias1/train/BEFORE/S1_before_0635.png,data/datasets/ombrias1/train/AFTER/S1_after_0635.png,data/datasets/ombrias1/train/MASK/S1_mask_0635.png
0045,data/datasets/ombrias1/train/BEFORE/S1_before_0045.png,data/datasets/ombrias1/train/AFTER/S1_after_0045.png,data/datasets/ombrias1/train/MASK/S1_mask_0045.png
0605,data/datasets/ombrias1/train/BEFORE/S1_before_0605.png,data/datasets/ombrias1/train/AFTER/S1_after_0605.png,data/datasets/ombrias1/train/MASK/S1_mask_0605.png
0563,data/datasets/ombrias1/train/BEFORE/S1_before_0563.png,data/datasets/ombrias1/train/AFTER/S1_after_0563.png,data/datasets/ombrias1/train/MASK/S1_mask_0563.png
0462,data/datasets/ombrias1/train/BEFORE/S1_before_0462.png,data/datasets/ombrias1/train/AFTER/S1_after_0462.png,data/datasets/ombrias1/train/MASK/S1_mask_0462.png
0640,data/datasets/ombrias1/train/BEFORE/S1_before_0640.png,data/datasets/ombrias1/train/AFTER/S1_after_0640.png,data/datasets/ombrias1/train/MASK/S1_mask_0640.png
0360,data/datasets/ombrias1/train/BEFORE/S1_before_0360.png,data/datasets/ombrias1/train/AFTER/S1_after_0360.png,data/datasets/ombrias1/train/MASK/S1_mask_0360.png
0507,data/datasets/ombrias1/train/BEFORE/S1_before_0507.png,data/datasets/ombrias1/train/AFTER/S1_after_0507.png,data/datasets/ombrias1/train/MASK/S1_mask_0507.png
0201,data/datasets/ombrias1/train/BEFORE/S1_before_0201.png,data/datasets/ombrias1/train/AFTER/S1_after_0201.png,data/datasets/ombrias1/train/MASK/S1_mask_0201.png
0482,data/datasets/ombrias1/train/BEFORE/S1_before_0482.png,data/datasets/ombrias1/train/AFTER/S1_after_0482.png,data/datasets/ombrias1/train/MASK/S1_mask_0482.png
0654,data/datasets/ombrias1/train/BEFORE/S1_before_0654.png,data/datasets/ombrias1/train/AFTER/S1_after_0654.png,data/datasets/ombrias1/train/MASK/S1_mask_0654.png
0269,data/datasets/ombrias1/train/BEFORE/S1_before_0269.png,data/datasets/ombrias1/train/AFTER/S1_after_0269.png,data/datasets/ombrias1/train/MASK/S1_mask_0269.png
0467,data/datasets/ombrias1/train/BEFORE/S1_before_0467.png,data/datasets/ombrias1/train/AFTER/S1_after_0467.png,data/datasets/ombrias1/train/MASK/S1_mask_0467.png
0557,data/datasets/ombrias1/train/BEFORE/S1_before_0557.png,data/datasets/ombrias1/train/AFTER/S1_after_0557.png,data/datasets/ombrias1/train/MASK/S1_mask_0557.png
0439,data/datasets/ombrias1/train/BEFORE/S1_before_0439.png,data/datasets/ombrias1/train/AFTER/S1_after_0439.png,data/datasets/ombrias1/train/MASK/S1_mask_0439.png
0107,data/datasets/ombrias1/train/BEFORE/S1_before_0107.png,data/datasets/ombrias1/train/AFTER/S1_after_0107.png,data/datasets/ombrias1/train/MASK/S1_mask_0107.png
0262,data/datasets/ombrias1/train/BEFORE/S1_before_0262.png,data/datasets/ombrias1/train/AFTER/S1_after_0262.png,data/datasets/ombrias1/train/MASK/S1_mask_0262.png
0097,data/datasets/ombrias1/train/BEFORE/S1_before_0097.png,data/datasets/ombrias1/train/AFTER/S1_after_0097.png,data/datasets/ombrias1/train/MASK/S1_mask_0097.png
0632,data/datasets/ombrias1/train/BEFORE/S1_before_0632.png,data/datasets/ombrias1/train/AFTER/S1_after_0632.png,data/datasets/ombrias1/train/MASK/S1_mask_0632.png
0355,data/datasets/ombrias1/train/BEFORE/S1_before_0355.png,data/datasets/ombrias1/train/AFTER/S1_after_0355.png,data/datasets/ombrias1/train/MASK/S1_mask_0355.png
0093,data/datasets/ombrias1/train/BEFORE/S1_before_0093.png,data/datasets/ombrias1/train/AFTER/S1_after_0093.png,data/datasets/ombrias1/train/MASK/S1_mask_0093.png
0159,data/datasets/ombrias1/train/BEFORE/S1_before_0159.png,data/datasets/ombrias1/train/AFTER/S1_after_0159.png,data/datasets/ombrias1/train/MASK/S1_mask_0159.png
0202,data/datasets/ombrias1/train/BEFORE/S1_before_0202.png,data/datasets/ombrias1/train/AFTER/S1_after_0202.png,data/datasets/ombrias1/train/MASK/S1_mask_0202.png
0002,data/datasets/ombrias1/train/BEFORE/S1_before_0002.png,data/datasets/ombrias1/train/AFTER/S1_after_0002.png,data/datasets/ombrias1/train/MASK/S1_mask_0002.png
0523,data/datasets/ombrias1/train/BEFORE/S1_before_0523.png,data/datasets/ombrias1/train/AFTER/S1_after_0523.png,data/datasets/ombrias1/train/MASK/S1_mask_0523.png
0163,data/datasets/ombrias1/train/BEFORE/S1_before_0163.png,data/datasets/ombrias1/train/AFTER/S1_after_0163.png,data/datasets/ombrias1/train/MASK/S1_mask_0163.png
0701,data/datasets/ombrias1/train/BEFORE/S1_before_0701.png,data/datasets/ombrias1/train/AFTER/S1_after_0701.png,data/datasets/ombrias1/train/MASK/S1_mask_0701.png
0042,data/datasets/ombrias1/train/BEFORE/S1_before_0042.png,data/datasets/ombrias1/train/AFTER/S1_after_0042.png,data/datasets/ombrias1/train/MASK/S1_mask_0042.png
0694,data/datasets/ombrias1/train/BEFORE/S1_before_0694.png,data/datasets/ombrias1/train/AFTER/S1_after_0694.png,data/datasets/ombrias1/train/MASK/S1_mask_0694.png
0687,data/datasets/ombrias1/train/BEFORE/S1_before_0687.png,data/datasets/ombrias1/train/AFTER/S1_after_0687.png,data/datasets/ombrias1/train/MASK/S1_mask_0687.png
0236,data/datasets/ombrias1/train/BEFORE/S1_before_0236.png,data/datasets/ombrias1/train/AFTER/S1_after_0236.png,data/datasets/ombrias1/train/MASK/S1_mask_0236.png
0638,data/datasets/ombrias1/train/BEFORE/S1_before_0638.png,data/datasets/ombrias1/train/AFTER/S1_after_0638.png,data/datasets/ombrias1/train/MASK/S1_mask_0638.png
0691,data/datasets/ombrias1/train/BEFORE/S1_before_0691.png,data/datasets/ombrias1/train/AFTER/S1_after_0691.png,data/datasets/ombrias1/train/MASK/S1_mask_0691.png
0135,data/datasets/ombrias1/train/BEFORE/S1_before_0135.png,data/datasets/ombrias1/train/AFTER/S1_after_0135.png,data/datasets/ombrias1/train/MASK/S1_mask_0135.png
0023,data/datasets/ombrias1/train/BEFORE/S1_before_0023.png,data/datasets/ombrias1/train/AFTER/S1_after_0023.png,data/datasets/ombrias1/train/MASK/S1_mask_0023.png
0067,data/datasets/ombrias1/train/BEFORE/S1_before_0067.png,data/datasets/ombrias1/train/AFTER/S1_after_0067.png,data/datasets/ombrias1/train/MASK/S1_mask_0067.png
0056,data/datasets/ombrias1/train/BEFORE/S1_before_0056.png,data/datasets/ombrias1/train/AFTER/S1_after_0056.png,data/datasets/ombrias1/train/MASK/S1_mask_0056.png
0412,data/datasets/ombrias1/train/BEFORE/S1_before_0412.png,data/datasets/ombrias1/train/AFTER/S1_after_0412.png,data/datasets/ombrias1/train/MASK/S1_mask_0412.png
0620,data/datasets/ombrias1/train/BEFORE/S1_before_0620.png,data/datasets/ombrias1/train/AFTER/S1_after_0620.png,data/datasets/ombrias1/train/MASK/S1_mask_0620.png
0708,data/datasets/ombrias1/train/BEFORE/S1_before_0708.png,data/datasets/ombrias1/train/AFTER/S1_after_0708.png,data/datasets/ombrias1/train/MASK/S1_mask_0708.png
0060,data/datasets/ombrias1/train/BEFORE/S1_before_0060.png,data/datasets/ombrias1/train/AFTER/S1_after_0060.png,data/datasets/ombrias1/train/MASK/S1_mask_0060.png
0487,data/datasets/ombrias1/train/BEFORE/S1_before_0487.png,data/datasets/ombrias1/train/AFTER/S1_after_0487.png,data/datasets/ombrias1/train/MASK/S1_mask_0487.png
0403,data/datasets/ombrias1/train/BEFORE/S1_before_0403.png,data/datasets/ombrias1/train/AFTER/S1_after_0403.png,data/datasets/ombrias1/train/MASK/S1_mask_0403.png
0604,data/datasets/ombrias1/train/BEFORE/S1_before_0604.png,data/datasets/ombrias1/train/AFTER/S1_after_0604.png,data/datasets/ombrias1/train/MASK/S1_mask_0604.png
0383,data/datasets/ombrias1/train/BEFORE/S1_before_0383.png,data/datasets/ombrias1/train/AFTER/S1_after_0383.png,data/datasets/ombrias1/train/MASK/S1_mask_0383.png
0756,data/datasets/ombrias1/train/BEFORE/S1_before_0756.png,data/datasets/ombrias1/train/AFTER/S1_after_0756.png,data/datasets/ombrias1/train/MASK/S1_mask_0756.png
0055,data/datasets/ombrias1/train/BEFORE/S1_before_0055.png,data/datasets/ombrias1/train/AFTER/S1_after_0055.png,data/datasets/ombrias1/train/MASK/S1_mask_0055.png
0177,data/datasets/ombrias1/train/BEFORE/S1_before_0177.png,data/datasets/ombrias1/train/AFTER/S1_after_0177.png,data/datasets/ombrias1/train/MASK/S1_mask_0177.png
0603,data/datasets/ombrias1/train/BEFORE/S1_before_0603.png,data/datasets/ombrias1/train/AFTER/S1_after_0603.png,data/datasets/ombrias1/train/MASK/S1_mask_0603.png
0321,data/datasets/ombrias1/train/BEFORE/S1_before_0321.png,data/datasets/ombrias1/train/AFTER/S1_after_0321.png,data/datasets/ombrias1/train/MASK/S1_mask_0321.png
0162,data/datasets/ombrias1/train/BEFORE/S1_before_0162.png,data/datasets/ombrias1/train/AFTER/S1_after_0162.png,data/datasets/ombrias1/train/MASK/S1_mask_0162.png
0344,data/datasets/ombrias1/train/BEFORE/S1_before_0344.png,data/datasets/ombrias1/train/AFTER/S1_after_0344.png,data/datasets/ombrias1/train/MASK/S1_mask_0344.png
0005,data/datasets/ombrias1/train/BEFORE/S1_before_0005.png,data/datasets/ombrias1/train/AFTER/S1_after_0005.png,data/datasets/ombrias1/train/MASK/S1_mask_0005.png
0652,data/datasets/ombrias1/train/BEFORE/S1_before_0652.png,data/datasets/ombrias1/train/AFTER/S1_after_0652.png,data/datasets/ombrias1/train/MASK/S1_mask_0652.png
0087,data/datasets/ombrias1/train/BEFORE/S1_before_0087.png,data/datasets/ombrias1/train/AFTER/S1_after_0087.png,data/datasets/ombrias1/train/MASK/S1_mask_0087.png
0260,data/datasets/ombrias1/train/BEFORE/S1_before_0260.png,data/datasets/ombrias1/train/AFTER/S1_after_0260.png,data/datasets/ombrias1/train/MASK/S1_mask_0260.png
0693,data/datasets/ombrias1/train/BEFORE/S1_before_0693.png,data/datasets/ombrias1/train/AFTER/S1_after_0693.png,data/datasets/ombrias1/train/MASK/S1_mask_0693.png
0414,data/datasets/ombrias1/train/BEFORE/S1_before_0414.png,data/datasets/ombrias1/train/AFTER/S1_after_0414.png,data/datasets/ombrias1/train/MASK/S1_mask_0414.png
0071,data/datasets/ombrias1/train/BEFORE/S1_before_0071.png,data/datasets/ombrias1/train/AFTER/S1_after_0071.png,data/datasets/ombrias1/train/MASK/S1_mask_0071.png
0787,data/datasets/ombrias1/train/BEFORE/S1_before_0787.png,data/datasets/ombrias1/train/AFTER/S1_after_0787.png,data/datasets/ombrias1/train/MASK/S1_mask_0787.png
0754,data/datasets/ombrias1/train/BEFORE/S1_before_0754.png,data/datasets/ombrias1/train/AFTER/S1_after_0754.png,data/datasets/ombrias1/train/MASK/S1_mask_0754.png
0350,data/datasets/ombrias1/train/BEFORE/S1_before_0350.png,data/datasets/ombrias1/train/AFTER/S1_after_0350.png,data/datasets/ombrias1/train/MASK/S1_mask_0350.png
0741,data/datasets/ombrias1/train/BEFORE/S1_before_0741.png,data/datasets/ombrias1/train/AFTER/S1_after_0741.png,data/datasets/ombrias1/train/MASK/S1_mask_0741.png
0243,data/datasets/ombrias1/train/BEFORE/S1_before_0243.png,data/datasets/ombrias1/train/AFTER/S1_after_0243.png,data/datasets/ombrias1/train/MASK/S1_mask_0243.png
0044,data/datasets/ombrias1/train/BEFORE/S1_before_0044.png,data/datasets/ombrias1/train/AFTER/S1_after_0044.png,data/datasets/ombrias1/train/MASK/S1_mask_0044.png
0006,data/datasets/ombrias1/train/BEFORE/S1_before_0006.png,data/datasets/ombrias1/train/AFTER/S1_after_0006.png,data/datasets/ombrias1/train/MASK/S1_mask_0006.png
0458,data/datasets/ombrias1/train/BEFORE/S1_before_0458.png,data/datasets/ombrias1/train/AFTER/S1_after_0458.png,data/datasets/ombrias1/train/MASK/S1_mask_0458.png
0146,data/datasets/ombrias1/train/BEFORE/S1_before_0146.png,data/datasets/ombrias1/train/AFTER/S1_after_0146.png,data/datasets/ombrias1/train/MASK/S1_mask_0146.png
0192,data/datasets/ombrias1/train/BEFORE/S1_before_0192.png,data/datasets/ombrias1/train/AFTER/S1_after_0192.png,data/datasets/ombrias1/train/MASK/S1_mask_0192.png
0768,data/datasets/ombrias1/train/BEFORE/S1_before_0768.png,data/datasets/ombrias1/train/AFTER/S1_after_0768.png,data/datasets/ombrias1/train/MASK/S1_mask_0768.png
0689,data/datasets/ombrias1/train/BEFORE/S1_before_0689.png,data/datasets/ombrias1/train/AFTER/S1_after_0689.png,data/datasets/ombrias1/train/MASK/S1_mask_0689.png
0268,data/datasets/ombrias1/train/BEFORE/S1_before_0268.png,data/datasets/ombrias1/train/AFTER/S1_after_0268.png,data/datasets/ombrias1/train/MASK/S1_mask_0268.png
0651,data/datasets/ombrias1/train/BEFORE/S1_before_0651.png,data/datasets/ombrias1/train/AFTER/S1_after_0651.png,data/datasets/ombrias1/train/MASK/S1_mask_0651.png
0308,data/datasets/ombrias1/train/BEFORE/S1_before_0308.png,data/datasets/ombrias1/train/AFTER/S1_after_0308.png,data/datasets/ombrias1/train/MASK/S1_mask_0308.png
0025,data/datasets/ombrias1/train/BEFORE/S1_before_0025.png,data/datasets/ombrias1/train/AFTER/S1_after_0025.png,data/datasets/ombrias1/train/MASK/S1_mask_0025.png
0748,data/datasets/ombrias1/train/BEFORE/S1_before_0748.png,data/datasets/ombrias1/train/AFTER/S1_after_0748.png,data/datasets/ombrias1/train/MASK/S1_mask_0748.png
0479,data/datasets/ombrias1/train/BEFORE/S1_before_0479.png,data/datasets/ombrias1/train/AFTER/S1_after_0479.png,data/datasets/ombrias1/train/MASK/S1_mask_0479.png
0121,data/datasets/ombrias1/train/BEFORE/S1_before_0121.png,data/datasets/ombrias1/train/AFTER/S1_after_0121.png,data/datasets/ombrias1/train/MASK/S1_mask_0121.png
0168,data/datasets/ombrias1/train/BEFORE/S1_before_0168.png,data/datasets/ombrias1/train/AFTER/S1_after_0168.png,data/datasets/ombrias1/train/MASK/S1_mask_0168.png
0452,data/datasets/ombrias1/train/BEFORE/S1_before_0452.png,data/datasets/ombrias1/train/AFTER/S1_after_0452.png,data/datasets/ombrias1/train/MASK/S1_mask_0452.png
0229,data/datasets/ombrias1/train/BEFORE/S1_before_0229.png,data/datasets/ombrias1/train/AFTER/S1_after_0229.png,data/datasets/ombrias1/train/MASK/S1_mask_0229.png
0450,data/datasets/ombrias1/train/BEFORE/S1_before_0450.png,data/datasets/ombrias1/train/AFTER/S1_after_0450.png,data/datasets/ombrias1/train/MASK/S1_mask_0450.png
0379,data/datasets/ombrias1/train/BEFORE/S1_before_0379.png,data/datasets/ombrias1/train/AFTER/S1_after_0379.png,data/datasets/ombrias1/train/MASK/S1_mask_0379.png
0345,data/datasets/ombrias1/train/BEFORE/S1_before_0345.png,data/datasets/ombrias1/train/AFTER/S1_after_0345.png,data/datasets/ombrias1/train/MASK/S1_mask_0345.png
0671,data/datasets/ombrias1/train/BEFORE/S1_before_0671.png,data/datasets/ombrias1/train/AFTER/S1_after_0671.png,data/datasets/ombrias1/train/MASK/S1_mask_0671.png
0245,data/datasets/ombrias1/train/BEFORE/S1_before_0245.png,data/datasets/ombrias1/train/AFTER/S1_after_0245.png,data/datasets/ombrias1/train/MASK/S1_mask_0245.png
0008,data/datasets/ombrias1/train/BEFORE/S1_before_0008.png,data/datasets/ombrias1/train/AFTER/S1_after_0008.png,data/datasets/ombrias1/train/MASK/S1_mask_0008.png
0359,data/datasets/ombrias1/train/BEFORE/S1_before_0359.png,data/datasets/ombrias1/train/AFTER/S1_after_0359.png,data/datasets/ombrias1/train/MASK/S1_mask_0359.png
0100,data/datasets/ombrias1/train/BEFORE/S1_before_0100.png,data/datasets/ombrias1/train/AFTER/S1_after_0100.png,data/datasets/ombrias1/train/MASK/S1_mask_0100.png
0273,data/datasets/ombrias1/train/BEFORE/S1_before_0273.png,data/datasets/ombrias1/train/AFTER/S1_after_0273.png,data/datasets/ombrias1/train/MASK/S1_mask_0273.png
0351,data/datasets/ombrias1/train/BEFORE/S1_before_0351.png,data/datasets/ombrias1/train/AFTER/S1_after_0351.png,data/datasets/ombrias1/train/MASK/S1_mask_0351.png
0626,data/datasets/ombrias1/train/BEFORE/S1_before_0626.png,data/datasets/ombrias1/train/AFTER/S1_after_0626.png,data/datasets/ombrias1/train/MASK/S1_mask_0626.png
0457,data/datasets/ombrias1/train/BEFORE/S1_before_0457.png,data/datasets/ombrias1/train/AFTER/S1_after_0457.png,data/datasets/ombrias1/train/MASK/S1_mask_0457.png
0427,data/datasets/ombrias1/train/BEFORE/S1_before_0427.png,data/datasets/ombrias1/train/AFTER/S1_after_0427.png,data/datasets/ombrias1/train/MASK/S1_mask_0427.png
0173,data/datasets/ombrias1/train/BEFORE/S1_before_0173.png,data/datasets/ombrias1/train/AFTER/S1_after_0173.png,data/datasets/ombrias1/train/MASK/S1_mask_0173.png
0343,data/datasets/ombrias1/train/BEFORE/S1_before_0343.png,data/datasets/ombrias1/train/AFTER/S1_after_0343.png,data/datasets/ombrias1/train/MASK/S1_mask_0343.png
0404,data/datasets/ombrias1/train/BEFORE/S1_before_0404.png,data/datasets/ombrias1/train/AFTER/S1_after_0404.png,data/datasets/ombrias1/train/MASK/S1_mask_0404.png
0049,data/datasets/ombrias1/train/BEFORE/S1_before_0049.png,data/datasets/ombrias1/train/AFTER/S1_after_0049.png,data/datasets/ombrias1/train/MASK/S1_mask_0049.png
0710,data/datasets/ombrias1/train/BEFORE/S1_before_0710.png,data/datasets/ombrias1/train/AFTER/S1_after_0710.png,data/datasets/ombrias1/train/MASK/S1_mask_0710.png
0677,data/datasets/ombrias1/train/BEFORE/S1_before_0677.png,data/datasets/ombrias1/train/AFTER/S1_after_0677.png,data/datasets/ombrias1/train/MASK/S1_mask_0677.png
0099,data/datasets/ombrias1/train/BEFORE/S1_before_0099.png,data/datasets/ombrias1/train/AFTER/S1_after_0099.png,data/datasets/ombrias1/train/MASK/S1_mask_0099.png
0069,data/datasets/ombrias1/train/BEFORE/S1_before_0069.png,data/datasets/ombrias1/train/AFTER/S1_after_0069.png,data/datasets/ombrias1/train/MASK/S1_mask_0069.png
0547,data/datasets/ombrias1/train/BEFORE/S1_before_0547.png,data/datasets/ombrias1/train/AFTER/S1_after_0547.png,data/datasets/ombrias1/train/MASK/S1_mask_0547.png
0231,data/datasets/ombrias1/train/BEFORE/S1_before_0231.png,data/datasets/ombrias1/train/AFTER/S1_after_0231.png,data/datasets/ombrias1/train/MASK/S1_mask_0231.png
0158,data/datasets/ombrias1/train/BEFORE/S1_before_0158.png,data/datasets/ombrias1/train/AFTER/S1_after_0158.png,data/datasets/ombrias1/train/MASK/S1_mask_0158.png
0610,data/datasets/ombrias1/train/BEFORE/S1_before_0610.png,data/datasets/ombrias1/train/AFTER/S1_after_0610.png,data/datasets/ombrias1/train/MASK/S1_mask_0610.png
0188,data/datasets/ombrias1/train/BEFORE/S1_before_0188.png,data/datasets/ombrias1/train/AFTER/S1_after_0188.png,data/datasets/ombrias1/train/MASK/S1_mask_0188.png
0047,data/datasets/ombrias1/train/BEFORE/S1_before_0047.png,data/datasets/ombrias1/train/AFTER/S1_after_0047.png,data/datasets/ombrias1/train/MASK/S1_mask_0047.png
0166,data/datasets/ombrias1/train/BEFORE/S1_before_0166.png,data/datasets/ombrias1/train/AFTER/S1_after_0166.png,data/datasets/ombrias1/train/MASK/S1_mask_0166.png
0052,data/datasets/ombrias1/train/BEFORE/S1_before_0052.png,data/datasets/ombrias1/train/AFTER/S1_after_0052.png,data/datasets/ombrias1/train/MASK/S1_mask_0052.png
0339,data/datasets/ombrias1/train/BEFORE/S1_before_0339.png,data/datasets/ombrias1/train/AFTER/S1_after_0339.png,data/datasets/ombrias1/train/MASK/S1_mask_0339.png
0548,data/datasets/ombrias1/train/BEFORE/S1_before_0548.png,data/datasets/ombrias1/train/AFTER/S1_after_0548.png,data/datasets/ombrias1/train/MASK/S1_mask_0548.png
0722,data/datasets/ombrias1/train/BEFORE/S1_before_0722.png,data/datasets/ombrias1/train/AFTER/S1_after_0722.png,data/datasets/ombrias1/train/MASK/S1_mask_0722.png
0428,data/datasets/ombrias1/train/BEFORE/S1_before_0428.png,data/datasets/ombrias1/train/AFTER/S1_after_0428.png,data/datasets/ombrias1/train/MASK/S1_mask_0428.png
0007,data/datasets/ombrias1/train/BEFORE/S1_before_0007.png,data/datasets/ombrias1/train/AFTER/S1_after_0007.png,data/datasets/ombrias1/train/MASK/S1_mask_0007.png
0419,data/datasets/ombrias1/train/BEFORE/S1_before_0419.png,data/datasets/ombrias1/train/AFTER/S1_after_0419.png,data/datasets/ombrias1/train/MASK/S1_mask_0419.png
0200,data/datasets/ombrias1/train/BEFORE/S1_before_0200.png,data/datasets/ombrias1/train/AFTER/S1_after_0200.png,data/datasets/ombrias1/train/MASK/S1_mask_0200.png
0470,data/datasets/ombrias1/train/BEFORE/S1_before_0470.png,data/datasets/ombrias1/train/AFTER/S1_after_0470.png,data/datasets/ombrias1/train/MASK/S1_mask_0470.png
0126,data/datasets/ombrias1/train/BEFORE/S1_before_0126.png,data/datasets/ombrias1/train/AFTER/S1_after_0126.png,data/datasets/ombrias1/train/MASK/S1_mask_0126.png
0033,data/datasets/ombrias1/train/BEFORE/S1_before_0033.png,data/datasets/ombrias1/train/AFTER/S1_after_0033.png,data/datasets/ombrias1/train/MASK/S1_mask_0033.png
0254,data/datasets/ombrias1/train/BEFORE/S1_before_0254.png,data/datasets/ombrias1/train/AFTER/S1_after_0254.png,data/datasets/ombrias1/train/MASK/S1_mask_0254.png
0234,data/datasets/ombrias1/train/BEFORE/S1_before_0234.png,data/datasets/ombrias1/train/AFTER/S1_after_0234.png,data/datasets/ombrias1/train/MASK/S1_mask_0234.png
0514,data/datasets/ombrias1/train/BEFORE/S1_before_0514.png,data/datasets/ombrias1/train/AFTER/S1_after_0514.png,data/datasets/ombrias1/train/MASK/S1_mask_0514.png
0296,data/datasets/ombrias1/train/BEFORE/S1_before_0296.png,data/datasets/ombrias1/train/AFTER/S1_after_0296.png,data/datasets/ombrias1/train/MASK/S1_mask_0296.png
0607,data/datasets/ombrias1/train/BEFORE/S1_before_0607.png,data/datasets/ombrias1/train/AFTER/S1_after_0607.png,data/datasets/ombrias1/train/MASK/S1_mask_0607.png
0183,data/datasets/ombrias1/train/BEFORE/S1_before_0183.png,data/datasets/ombrias1/train/AFTER/S1_after_0183.png,data/datasets/ombrias1/train/MASK/S1_mask_0183.png
0575,data/datasets/ombrias1/train/BEFORE/S1_before_0575.png,data/datasets/ombrias1/train/AFTER/S1_after_0575.png,data/datasets/ombrias1/train/MASK/S1_mask_0575.png
0356,data/datasets/ombrias1/train/BEFORE/S1_before_0356.png,data/datasets/ombrias1/train/AFTER/S1_after_0356.png,data/datasets/ombrias1/train/MASK/S1_mask_0356.png
0631,data/datasets/ombrias1/train/BEFORE/S1_before_0631.png,data/datasets/ombrias1/train/AFTER/S1_after_0631.png,data/datasets/ombrias1/train/MASK/S1_mask_0631.png
0744,data/datasets/ombrias1/train/BEFORE/S1_before_0744.png,data/datasets/ombrias1/train/AFTER/S1_after_0744.png,data/datasets/ombrias1/train/MASK/S1_mask_0744.png
0108,data/datasets/ombrias1/train/BEFORE/S1_before_0108.png,data/datasets/ombrias1/train/AFTER/S1_after_0108.png,data/datasets/ombrias1/train/MASK/S1_mask_0108.png
0153,data/datasets/ombrias1/train/BEFORE/S1_before_0153.png,data/datasets/ombrias1/train/AFTER/S1_after_0153.png,data/datasets/ombrias1/train/MASK/S1_mask_0153.png
0438,data/datasets/ombrias1/train/BEFORE/S1_before_0438.png,data/datasets/ombrias1/train/AFTER/S1_after_0438.png,data/datasets/ombrias1/train/MASK/S1_mask_0438.png
0398,data/datasets/ombrias1/train/BEFORE/S1_before_0398.png,data/datasets/ombrias1/train/AFTER/S1_after_0398.png,data/datasets/ombrias1/train/MASK/S1_mask_0398.png
0084,data/datasets/ombrias1/train/BEFORE/S1_before_0084.png,data/datasets/ombrias1/train/AFTER/S1_after_0084.png,data/datasets/ombrias1/train/MASK/S1_mask_0084.png
0512,data/datasets/ombrias1/train/BEFORE/S1_before_0512.png,data/datasets/ombrias1/train/AFTER/S1_after_0512.png,data/datasets/ombrias1/train/MASK/S1_mask_0512.png
0332,data/datasets/ombrias1/train/BEFORE/S1_before_0332.png,data/datasets/ombrias1/train/AFTER/S1_after_0332.png,data/datasets/ombrias1/train/MASK/S1_mask_0332.png
0180,data/datasets/ombrias1/train/BEFORE/S1_before_0180.png,data/datasets/ombrias1/train/AFTER/S1_after_0180.png,data/datasets/ombrias1/train/MASK/S1_mask_0180.png
0649,data/datasets/ombrias1/train/BEFORE/S1_before_0649.png,data/datasets/ombrias1/train/AFTER/S1_after_0649.png,data/datasets/ombrias1/train/MASK/S1_mask_0649.png
0556,data/datasets/ombrias1/train/BEFORE/S1_before_0556.png,data/datasets/ombrias1/train/AFTER/S1_after_0556.png,data/datasets/ombrias1/train/MASK/S1_mask_0556.png
0185,data/datasets/ombrias1/train/BEFORE/S1_before_0185.png,data/datasets/ombrias1/train/AFTER/S1_after_0185.png,data/datasets/ombrias1/train/MASK/S1_mask_0185.png
0015,data/datasets/ombrias1/train/BEFORE/S1_before_0015.png,data/datasets/ombrias1/train/AFTER/S1_after_0015.png,data/datasets/ombrias1/train/MASK/S1_mask_0015.png
0481,data/datasets/ombrias1/train/BEFORE/S1_before_0481.png,data/datasets/ombrias1/train/AFTER/S1_after_0481.png,data/datasets/ombrias1/train/MASK/S1_mask_0481.png
0606,data/datasets/ombrias1/train/BEFORE/S1_before_0606.png,data/datasets/ombrias1/train/AFTER/S1_after_0606.png,data/datasets/ombrias1/train/MASK/S1_mask_0606.png
0618,data/datasets/ombrias1/train/BEFORE/S1_before_0618.png,data/datasets/ombrias1/train/AFTER/S1_after_0618.png,data/datasets/ombrias1/train/MASK/S1_mask_0618.png
0553,data/datasets/ombrias1/train/BEFORE/S1_before_0553.png,data/datasets/ombrias1/train/AFTER/S1_after_0553.png,data/datasets/ombrias1/train/MASK/S1_mask_0553.png
0504,data/datasets/ombrias1/train/BEFORE/S1_before_0504.png,data/datasets/ombrias1/train/AFTER/S1_after_0504.png,data/datasets/ombrias1/train/MASK/S1_mask_0504.png
0315,data/datasets/ombrias1/train/BEFORE/S1_before_0315.png,data/datasets/ombrias1/train/AFTER/S1_after_0315.png,data/datasets/ombrias1/train/MASK/S1_mask_0315.png
0187,data/datasets/ombrias1/train/BEFORE/S1_before_0187.png,data/datasets/ombrias1/train/AFTER/S1_after_0187.png,data/datasets/ombrias1/train/MASK/S1_mask_0187.png
0372,data/datasets/ombrias1/train/BEFORE/S1_before_0372.png,data/datasets/ombrias1/train/AFTER/S1_after_0372.png,data/datasets/ombrias1/train/MASK/S1_mask_0372.png
0432,data/datasets/ombrias1/train/BEFORE/S1_before_0432.png,data/datasets/ombrias1/train/AFTER/S1_after_0432.png,data/datasets/ombrias1/train/MASK/S1_mask_0432.png
0740,data/datasets/ombrias1/train/BEFORE/S1_before_0740.png,data/datasets/ombrias1/train/AFTER/S1_after_0740.png,data/datasets/ombrias1/train/MASK/S1_mask_0740.png
0238,data/datasets/ombrias1/train/BEFORE/S1_before_0238.png,data/datasets/ombrias1/train/AFTER/S1_after_0238.png,data/datasets/ombrias1/train/MASK/S1_mask_0238.png
0515,data/datasets/ombrias1/train/BEFORE/S1_before_0515.png,data/datasets/ombrias1/train/AFTER/S1_after_0515.png,data/datasets/ombrias1/train/MASK/S1_mask_0515.png
0679,data/datasets/ombrias1/train/BEFORE/S1_before_0679.png,data/datasets/ombrias1/train/AFTER/S1_after_0679.png,data/datasets/ombrias1/train/MASK/S1_mask_0679.png
0337,data/datasets/ombrias1/train/BEFORE/S1_before_0337.png,data/datasets/ombrias1/train/AFTER/S1_after_0337.png,data/datasets/ombrias1/train/MASK/S1_mask_0337.png
0250,data/datasets/ombrias1/train/BEFORE/S1_before_0250.png,data/datasets/ombrias1/train/AFTER/S1_after_0250.png,data/datasets/ombrias1/train/MASK/S1_mask_0250.png
0739,data/datasets/ombrias1/train/BEFORE/S1_before_0739.png,data/datasets/ombrias1/train/AFTER/S1_after_0739.png,data/datasets/ombrias1/train/MASK/S1_mask_0739.png
0394,data/datasets/ombrias1/train/BEFORE/S1_before_0394.png,data/datasets/ombrias1/train/AFTER/S1_after_0394.png,data/datasets/ombrias1/train/MASK/S1_mask_0394.png
0297,data/datasets/ombrias1/train/BEFORE/S1_before_0297.png,data/datasets/ombrias1/train/AFTER/S1_after_0297.png,data/datasets/ombrias1/train/MASK/S1_mask_0297.png
0543,data/datasets/ombrias1/train/BEFORE/S1_before_0543.png,data/datasets/ombrias1/train/AFTER/S1_after_0543.png,data/datasets/ombrias1/train/MASK/S1_mask_0543.png
0753,data/datasets/ombrias1/train/BEFORE/S1_before_0753.png,data/datasets/ombrias1/train/AFTER/S1_after_0753.png,data/datasets/ombrias1/train/MASK/S1_mask_0753.png
0101,data/datasets/ombrias1/train/BEFORE/S1_before_0101.png,data/datasets/ombrias1/train/AFTER/S1_after_0101.png,data/datasets/ombrias1/train/MASK/S1_mask_0101.png
0554,data/datasets/ombrias1/train/BEFORE/S1_before_0554.png,data/datasets/ombrias1/train/AFTER/S1_after_0554.png,data/datasets/ombrias1/train/MASK/S1_mask_0554.png
0712,data/datasets/ombrias1/train/BEFORE/S1_before_0712.png,data/datasets/ombrias1/train/AFTER/S1_after_0712.png,data/datasets/ombrias1/train/MASK/S1_mask_0712.png
0036,data/datasets/ombrias1/train/BEFORE/S1_before_0036.png,data/datasets/ombrias1/train/AFTER/S1_after_0036.png,data/datasets/ombrias1/train/MASK/S1_mask_0036.png
0449,data/datasets/ombrias1/train/BEFORE/S1_before_0449.png,data/datasets/ombrias1/train/AFTER/S1_after_0449.png,data/datasets/ombrias1/train/MASK/S1_mask_0449.png
0147,data/datasets/ombrias1/train/BEFORE/S1_before_0147.png,data/datasets/ombrias1/train/AFTER/S1_after_0147.png,data/datasets/ombrias1/train/MASK/S1_mask_0147.png
0508,data/datasets/ombrias1/train/BEFORE/S1_before_0508.png,data/datasets/ombrias1/train/AFTER/S1_after_0508.png,data/datasets/ombrias1/train/MASK/S1_mask_0508.png
0699,data/datasets/ombrias1/train/BEFORE/S1_before_0699.png,data/datasets/ombrias1/train/AFTER/S1_after_0699.png,data/datasets/ombrias1/train/MASK/S1_mask_0699.png
0737,data/datasets/ombrias1/train/BEFORE/S1_before_0737.png,data/datasets/ombrias1/train/AFTER/S1_after_0737.png,data/datasets/ombrias1/train/MASK/S1_mask_0737.png
0634,data/datasets/ombrias1/train/BEFORE/S1_before_0634.png,data/datasets/ombrias1/train/AFTER/S1_after_0634.png,data/datasets/ombrias1/train/MASK/S1_mask_0634.png
0024,data/datasets/ombrias1/train/BEFORE/S1_before_0024.png,data/datasets/ombrias1/train/AFTER/S1_after_0024.png,data/datasets/ombrias1/train/MASK/S1_mask_0024.png
0698,data/datasets/ombrias1/train/BEFORE/S1_before_0698.png,data/datasets/ombrias1/train/AFTER/S1_after_0698.png,data/datasets/ombrias1/train/MASK/S1_mask_0698.png
0475,data/datasets/ombrias1/train/BEFORE/S1_before_0475.png,data/datasets/ombrias1/train/AFTER/S1_after_0475.png,data/datasets/ombrias1/train/MASK/S1_mask_0475.png
0464,data/datasets/ombrias1/train/BEFORE/S1_before_0464.png,data/datasets/ombrias1/train/AFTER/S1_after_0464.png,data/datasets/ombrias1/train/MASK/S1_mask_0464.png
0773,data/datasets/ombrias1/train/BEFORE/S1_before_0773.png,data/datasets/ombrias1/train/AFTER/S1_after_0773.png,data/datasets/ombrias1/train/MASK/S1_mask_0773.png
0214,data/datasets/ombrias1/train/BEFORE/S1_before_0214.png,data/datasets/ombrias1/train/AFTER/S1_after_0214.png,data/datasets/ombrias1/train/MASK/S1_mask_0214.png
0399,data/datasets/ombrias1/train/BEFORE/S1_before_0399.png,data/datasets/ombrias1/train/AFTER/S1_after_0399.png,data/datasets/ombrias1/train/MASK/S1_mask_0399.png
0220,data/datasets/ombrias1/train/BEFORE/S1_before_0220.png,data/datasets/ombrias1/train/AFTER/S1_after_0220.png,data/datasets/ombrias1/train/MASK/S1_mask_0220.png
0230,data/datasets/ombrias1/train/BEFORE/S1_before_0230.png,data/datasets/ombrias1/train/AFTER/S1_after_0230.png,data/datasets/ombrias1/train/MASK/S1_mask_0230.png
0228,data/datasets/ombrias1/train/BEFORE/S1_before_0228.png,data/datasets/ombrias1/train/AFTER/S1_after_0228.png,data/datasets/ombrias1/train/MASK/S1_mask_0228.png
0763,data/datasets/ombrias1/train/BEFORE/S1_before_0763.png,data/datasets/ombrias1/train/AFTER/S1_after_0763.png,data/datasets/ombrias1/train/MASK/S1_mask_0763.png
0149,data/datasets/ombrias1/train/BEFORE/S1_before_0149.png,data/datasets/ombrias1/train/AFTER/S1_after_0149.png,data/datasets/ombrias1/train/MASK/S1_mask_0149.png
0785,data/datasets/ombrias1/train/BEFORE/S1_before_0785.png,data/datasets/ombrias1/train/AFTER/S1_after_0785.png,data/datasets/ombrias1/train/MASK/S1_mask_0785.png
0319,data/datasets/ombrias1/train/BEFORE/S1_before_0319.png,data/datasets/ombrias1/train/AFTER/S1_after_0319.png,data/datasets/ombrias1/train/MASK/S1_mask_0319.png
0261,data/datasets/ombrias1/train/BEFORE/S1_before_0261.png,data/datasets/ombrias1/train/AFTER/S1_after_0261.png,data/datasets/ombrias1/train/MASK/S1_mask_0261.png
0674,data/datasets/ombrias1/train/BEFORE/S1_before_0674.png,data/datasets/ombrias1/train/AFTER/S1_after_0674.png,data/datasets/ombrias1/train/MASK/S1_mask_0674.png
0164,data/datasets/ombrias1/train/BEFORE/S1_before_0164.png,data/datasets/ombrias1/train/AFTER/S1_after_0164.png,data/datasets/ombrias1/train/MASK/S1_mask_0164.png
0031,data/datasets/ombrias1/train/BEFORE/S1_before_0031.png,data/datasets/ombrias1/train/AFTER/S1_after_0031.png,data/datasets/ombrias1/train/MASK/S1_mask_0031.png
0105,data/datasets/ombrias1/train/BEFORE/S1_before_0105.png,data/datasets/ombrias1/train/AFTER/S1_after_0105.png,data/datasets/ombrias1/train/MASK/S1_mask_0105.png
0244,data/datasets/ombrias1/train/BEFORE/S1_before_0244.png,data/datasets/ombrias1/train/AFTER/S1_after_0244.png,data/datasets/ombrias1/train/MASK/S1_mask_0244.png
0676,data/datasets/ombrias1/train/BEFORE/S1_before_0676.png,data/datasets/ombrias1/train/AFTER/S1_after_0676.png,data/datasets/ombrias1/train/MASK/S1_mask_0676.png
0295,data/datasets/ombrias1/train/BEFORE/S1_before_0295.png,data/datasets/ombrias1/train/AFTER/S1_after_0295.png,data/datasets/ombrias1/train/MASK/S1_mask_0295.png
0374,data/datasets/ombrias1/train/BEFORE/S1_before_0374.png,data/datasets/ombrias1/train/AFTER/S1_after_0374.png,data/datasets/ombrias1/train/MASK/S1_mask_0374.png
0668,data/datasets/ombrias1/train/BEFORE/S1_before_0668.png,data/datasets/ombrias1/train/AFTER/S1_after_0668.png,data/datasets/ombrias1/train/MASK/S1_mask_0668.png
0505,data/datasets/ombrias1/train/BEFORE/S1_before_0505.png,data/datasets/ombrias1/train/AFTER/S1_after_0505.png,data/datasets/ombrias1/train/MASK/S1_mask_0505.png
0384,data/datasets/ombrias1/train/BEFORE/S1_before_0384.png,data/datasets/ombrias1/train/AFTER/S1_after_0384.png,data/datasets/ombrias1/train/MASK/S1_mask_0384.png
0215,data/datasets/ombrias1/train/BEFORE/S1_before_0215.png,data/datasets/ombrias1/train/AFTER/S1_after_0215.png,data/datasets/ombrias1/train/MASK/S1_mask_0215.png
0301,data/datasets/ombrias1/train/BEFORE/S1_before_0301.png,data/datasets/ombrias1/train/AFTER/S1_after_0301.png,data/datasets/ombrias1/train/MASK/S1_mask_0301.png
0306,data/datasets/ombrias1/train/BEFORE/S1_before_0306.png,data/datasets/ombrias1/train/AFTER/S1_after_0306.png,data/datasets/ombrias1/train/MASK/S1_mask_0306.png
0145,data/datasets/ombrias1/train/BEFORE/S1_before_0145.png,data/datasets/ombrias1/train/AFTER/S1_after_0145.png,data/datasets/ombrias1/train/MASK/S1_mask_0145.png
0219,data/datasets/ombrias1/train/BEFORE/S1_before_0219.png,data/datasets/ombrias1/train/AFTER/S1_after_0219.png,data/datasets/ombrias1/train/MASK/S1_mask_0219.png
0035,data/datasets/ombrias1/train/BEFORE/S1_before_0035.png,data/datasets/ombrias1/train/AFTER/S1_after_0035.png,data/datasets/ombrias1/train/MASK/S1_mask_0035.png
0771,data/datasets/ombrias1/train/BEFORE/S1_before_0771.png,data/datasets/ombrias1/train/AFTER/S1_after_0771.png,data/datasets/ombrias1/train/MASK/S1_mask_0771.png
0136,data/datasets/ombrias1/train/BEFORE/S1_before_0136.png,data/datasets/ombrias1/train/AFTER/S1_after_0136.png,data/datasets/ombrias1/train/MASK/S1_mask_0136.png
0511,data/datasets/ombrias1/train/BEFORE/S1_before_0511.png,data/datasets/ombrias1/train/AFTER/S1_after_0511.png,data/datasets/ombrias1/train/MASK/S1_mask_0511.png
0058,data/datasets/ombrias1/train/BEFORE/S1_before_0058.png,data/datasets/ombrias1/train/AFTER/S1_after_0058.png,data/datasets/ombrias1/train/MASK/S1_mask_0058.png
0522,data/datasets/ombrias1/train/BEFORE/S1_before_0522.png,data/datasets/ombrias1/train/AFTER/S1_after_0522.png,data/datasets/ombrias1/train/MASK/S1_mask_0522.png
0441,data/datasets/ombrias1/train/BEFORE/S1_before_0441.png,data/datasets/ombrias1/train/AFTER/S1_after_0441.png,data/datasets/ombrias1/train/MASK/S1_mask_0441.png
0233,data/datasets/ombrias1/train/BEFORE/S1_before_0233.png,data/datasets/ombrias1/train/AFTER/S1_after_0233.png,data/datasets/ombrias1/train/MASK/S1_mask_0233.png
0330,data/datasets/ombrias1/train/BEFORE/S1_before_0330.png,data/datasets/ombrias1/train/AFTER/S1_after_0330.png,data/datasets/ombrias1/train/MASK/S1_mask_0330.png
0621,data/datasets/ombrias1/train/BEFORE/S1_before_0621.png,data/datasets/ombrias1/train/AFTER/S1_after_0621.png,data/datasets/ombrias1/train/MASK/S1_mask_0621.png
0207,data/datasets/ombrias1/train/BEFORE/S1_before_0207.png,data/datasets/ombrias1/train/AFTER/S1_after_0207.png,data/datasets/ombrias1/train/MASK/S1_mask_0207.png
0486,data/datasets/ombrias1/train/BEFORE/S1_before_0486.png,data/datasets/ombrias1/train/AFTER/S1_after_0486.png,data/datasets/ombrias1/train/MASK/S1_mask_0486.png
0341,data/datasets/ombrias1/train/BEFORE/S1_before_0341.png,data/datasets/ombrias1/train/AFTER/S1_after_0341.png,data/datasets/ombrias1/train/MASK/S1_mask_0341.png
0373,data/datasets/ombrias1/train/BEFORE/S1_before_0373.png,data/datasets/ombrias1/train/AFTER/S1_after_0373.png,data/datasets/ombrias1/train/MASK/S1_mask_0373.png
0302,data/datasets/ombrias1/train/BEFORE/S1_before_0302.png,data/datasets/ombrias1/train/AFTER/S1_after_0302.png,data/datasets/ombrias1/train/MASK/S1_mask_0302.png
0734,data/datasets/ombrias1/train/BEFORE/S1_before_0734.png,data/datasets/ombrias1/train/AFTER/S1_after_0734.png,data/datasets/ombrias1/train/MASK/S1_mask_0734.png
0370,data/datasets/ombrias1/train/BEFORE/S1_before_0370.png,data/datasets/ombrias1/train/AFTER/S1_after_0370.png,data/datasets/ombrias1/train/MASK/S1_mask_0370.png
0251,data/datasets/ombrias1/train/BEFORE/S1_before_0251.png,data/datasets/ombrias1/train/AFTER/S1_after_0251.png,data/datasets/ombrias1/train/MASK/S1_mask_0251.png
0281,data/datasets/ombrias1/train/BEFORE/S1_before_0281.png,data/datasets/ombrias1/train/AFTER/S1_after_0281.png,data/datasets/ombrias1/train/MASK/S1_mask_0281.png
0561,data/datasets/ombrias1/train/BEFORE/S1_before_0561.png,data/datasets/ombrias1/train/AFTER/S1_after_0561.png,data/datasets/ombrias1/train/MASK/S1_mask_0561.png
0405,data/datasets/ombrias1/train/BEFORE/S1_before_0405.png,data/datasets/ombrias1/train/AFTER/S1_after_0405.png,data/datasets/ombrias1/train/MASK/S1_mask_0405.png
0542,data/datasets/ombrias1/train/BEFORE/S1_before_0542.png,data/datasets/ombrias1/train/AFTER/S1_after_0542.png,data/datasets/ombrias1/train/MASK/S1_mask_0542.png
0080,data/datasets/ombrias1/train/BEFORE/S1_before_0080.png,data/datasets/ombrias1/train/AFTER/S1_after_0080.png,data/datasets/ombrias1/train/MASK/S1_mask_0080.png
0729,data/datasets/ombrias1/train/BEFORE/S1_before_0729.png,data/datasets/ombrias1/train/AFTER/S1_after_0729.png,data/datasets/ombrias1/train/MASK/S1_mask_0729.png
0466,data/datasets/ombrias1/train/BEFORE/S1_before_0466.png,data/datasets/ombrias1/train/AFTER/S1_after_0466.png,data/datasets/ombrias1/train/MASK/S1_mask_0466.png
0672,data/datasets/ombrias1/train/BEFORE/S1_before_0672.png,data/datasets/ombrias1/train/AFTER/S1_after_0672.png,data/datasets/ombrias1/train/MASK/S1_mask_0672.png
0001,data/datasets/ombrias1/train/BEFORE/S1_before_0001.png,data/datasets/ombrias1/train/AFTER/S1_after_0001.png,data/datasets/ombrias1/train/MASK/S1_mask_0001.png
0692,data/datasets/ombrias1/train/BEFORE/S1_before_0692.png,data/datasets/ombrias1/train/AFTER/S1_after_0692.png,data/datasets/ombrias1/train/MASK/S1_mask_0692.png
0274,data/datasets/ombrias1/train/BEFORE/S1_before_0274.png,data/datasets/ombrias1/train/AFTER/S1_after_0274.png,data/datasets/ombrias1/train/MASK/S1_mask_0274.png
0217,data/datasets/ombrias1/train/BEFORE/S1_before_0217.png,data/datasets/ombrias1/train/AFTER/S1_after_0217.png,data/datasets/ombrias1/train/MASK/S1_mask_0217.png
0157,data/datasets/ombrias1/train/BEFORE/S1_before_0157.png,data/datasets/ombrias1/train/AFTER/S1_after_0157.png,data/datasets/ombrias1/train/MASK/S1_mask_0157.png
0630,data/datasets/ombrias1/train/BEFORE/S1_before_0630.png,data/datasets/ombrias1/train/AFTER/S1_after_0630.png,data/datasets/ombrias1/train/MASK/S1_mask_0630.png
0478,data/datasets/ombrias1/train/BEFORE/S1_before_0478.png,data/datasets/ombrias1/train/AFTER/S1_after_0478.png,data/datasets/ombrias1/train/MASK/S1_mask_0478.png
0469,data/datasets/ombrias1/train/BEFORE/S1_before_0469.png,data/datasets/ombrias1/train/AFTER/S1_after_0469.png,data/datasets/ombrias1/train/MASK/S1_mask_0469.png
0423,data/datasets/ombrias1/train/BEFORE/S1_before_0423.png,data/datasets/ombrias1/train/AFTER/S1_after_0423.png,data/datasets/ombrias1/train/MASK/S1_mask_0423.png
0468,data/datasets/ombrias1/train/BEFORE/S1_before_0468.png,data/datasets/ombrias1/train/AFTER/S1_after_0468.png,data/datasets/ombrias1/train/MASK/S1_mask_0468.png
0506,data/datasets/ombrias1/train/BEFORE/S1_before_0506.png,data/datasets/ombrias1/train/AFTER/S1_after_0506.png,data/datasets/ombrias1/train/MASK/S1_mask_0506.png
0290,data/datasets/ombrias1/train/BEFORE/S1_before_0290.png,data/datasets/ombrias1/train/AFTER/S1_after_0290.png,data/datasets/ombrias1/train/MASK/S1_mask_0290.png
0648,data/datasets/ombrias1/train/BEFORE/S1_before_0648.png,data/datasets/ombrias1/train/AFTER/S1_after_0648.png,data/datasets/ombrias1/train/MASK/S1_mask_0648.png
0288,data/datasets/ombrias1/train/BEFORE/S1_before_0288.png,data/datasets/ombrias1/train/AFTER/S1_after_0288.png,data/datasets/ombrias1/train/MASK/S1_mask_0288.png
0110,data/datasets/ombrias1/train/BEFORE/S1_before_0110.png,data/datasets/ombrias1/train/AFTER/S1_after_0110.png,data/datasets/ombrias1/train/MASK/S1_mask_0110.png
0199,data/datasets/ombrias1/train/BEFORE/S1_before_0199.png,data/datasets/ombrias1/train/AFTER/S1_after_0199.png,data/datasets/ombrias1/train/MASK/S1_mask_0199.png
0014,data/datasets/ombrias1/train/BEFORE/S1_before_0014.png,data/datasets/ombrias1/train/AFTER/S1_after_0014.png,data/datasets/ombrias1/train/MASK/S1_mask_0014.png
0535,data/datasets/ombrias1/train/BEFORE/S1_before_0535.png,data/datasets/ombrias1/train/AFTER/S1_after_0535.png,data/datasets/ombrias1/train/MASK/S1_mask_0535.png
0442,data/datasets/ombrias1/train/BEFORE/S1_before_0442.png,data/datasets/ombrias1/train/AFTER/S1_after_0442.png,data/datasets/ombrias1/train/MASK/S1_mask_0442.png
0270,data/datasets/ombrias1/train/BEFORE/S1_before_0270.png,data/datasets/ombrias1/train/AFTER/S1_after_0270.png,data/datasets/ombrias1/train/MASK/S1_mask_0270.png
0361,data/datasets/ombrias1/train/BEFORE/S1_before_0361.png,data/datasets/ombrias1/train/AFTER/S1_after_0361.png,data/datasets/ombrias1/train/MASK/S1_mask_0361.png
0465,data/datasets/ombrias1/train/BEFORE/S1_before_0465.png,data/datasets/ombrias1/train/AFTER/S1_after_0465.png,data/datasets/ombrias1/train/MASK/S1_mask_0465.png
0608,data/datasets/ombrias1/train/BEFORE/S1_before_0608.png,data/datasets/ombrias1/train/AFTER/S1_after_0608.png,data/datasets/ombrias1/train/MASK/S1_mask_0608.png
0209,data/datasets/ombrias1/train/BEFORE/S1_before_0209.png,data/datasets/ombrias1/train/AFTER/S1_after_0209.png,data/datasets/ombrias1/train/MASK/S1_mask_0209.png
0280,data/datasets/ombrias1/train/BEFORE/S1_before_0280.png,data/datasets/ombrias1/train/AFTER/S1_after_0280.png,data/datasets/ombrias1/train/MASK/S1_mask_0280.png
0759,data/datasets/ombrias1/train/BEFORE/S1_before_0759.png,data/datasets/ombrias1/train/AFTER/S1_after_0759.png,data/datasets/ombrias1/train/MASK/S1_mask_0759.png
0050,data/datasets/ombrias1/train/BEFORE/S1_before_0050.png,data/datasets/ombrias1/train/AFTER/S1_after_0050.png,data/datasets/ombrias1/train/MASK/S1_mask_0050.png
0628,data/datasets/ombrias1/train/BEFORE/S1_before_0628.png,data/datasets/ombrias1/train/AFTER/S1_after_0628.png,data/datasets/ombrias1/train/MASK/S1_mask_0628.png
0703,data/datasets/ombrias1/train/BEFORE/S1_before_0703.png,data/datasets/ombrias1/train/AFTER/S1_after_0703.png,data/datasets/ombrias1/train/MASK/S1_mask_0703.png
0437,data/datasets/ombrias1/train/BEFORE/S1_before_0437.png,data/datasets/ombrias1/train/AFTER/S1_after_0437.png,data/datasets/ombrias1/train/MASK/S1_mask_0437.png
0312,data/datasets/ombrias1/train/BEFORE/S1_before_0312.png,data/datasets/ombrias1/train/AFTER/S1_after_0312.png,data/datasets/ombrias1/train/MASK/S1_mask_0312.png
0011,data/datasets/ombrias1/train/BEFORE/S1_before_0011.png,data/datasets/ombrias1/train/AFTER/S1_after_0011.png,data/datasets/ombrias1/train/MASK/S1_mask_0011.png
0396,data/datasets/ombrias1/train/BEFORE/S1_before_0396.png,data/datasets/ombrias1/train/AFTER/S1_after_0396.png,data/datasets/ombrias1/train/MASK/S1_mask_0396.png
0066,data/datasets/ombrias1/train/BEFORE/S1_before_0066.png,data/datasets/ombrias1/train/AFTER/S1_after_0066.png,data/datasets/ombrias1/train/MASK/S1_mask_0066.png
0525,data/datasets/ombrias1/train/BEFORE/S1_before_0525.png,data/datasets/ombrias1/train/AFTER/S1_after_0525.png,data/datasets/ombrias1/train/MASK/S1_mask_0525.png
0263,data/datasets/ombrias1/train/BEFORE/S1_before_0263.png,data/datasets/ombrias1/train/AFTER/S1_after_0263.png,data/datasets/ombrias1/train/MASK/S1_mask_0263.png
0210,data/datasets/ombrias1/train/BEFORE/S1_before_0210.png,data/datasets/ombrias1/train/AFTER/S1_after_0210.png,data/datasets/ombrias1/train/MASK/S1_mask_0210.png
0287,data/datasets/ombrias1/train/BEFORE/S1_before_0287.png,data/datasets/ombrias1/train/AFTER/S1_after_0287.png,data/datasets/ombrias1/train/MASK/S1_mask_0287.png
0125,data/datasets/ombrias1/train/BEFORE/S1_before_0125.png,data/datasets/ombrias1/train/AFTER/S1_after_0125.png,data/datasets/ombrias1/train/MASK/S1_mask_0125.png
0232,data/datasets/ombrias1/train/BEFORE/S1_before_0232.png,data/datasets/ombrias1/train/AFTER/S1_after_0232.png,data/datasets/ombrias1/train/MASK/S1_mask_0232.png
0393,data/datasets/ombrias1/train/BEFORE/S1_before_0393.png,data/datasets/ombrias1/train/AFTER/S1_after_0393.png,data/datasets/ombrias1/train/MASK/S1_mask_0393.png
0197,data/datasets/ombrias1/train/BEFORE/S1_before_0197.png,data/datasets/ombrias1/train/AFTER/S1_after_0197.png,data/datasets/ombrias1/train/MASK/S1_mask_0197.png
0375,data/datasets/ombrias1/train/BEFORE/S1_before_0375.png,data/datasets/ombrias1/train/AFTER/S1_after_0375.png,data/datasets/ombrias1/train/MASK/S1_mask_0375.png
0241,data/datasets/ombrias1/train/BEFORE/S1_before_0241.png,data/datasets/ombrias1/train/AFTER/S1_after_0241.png,data/datasets/ombrias1/train/MASK/S1_mask_0241.png
0038,data/datasets/ombrias1/train/BEFORE/S1_before_0038.png,data/datasets/ombrias1/train/AFTER/S1_after_0038.png,data/datasets/ombrias1/train/MASK/S1_mask_0038.png
0252,data/datasets/ombrias1/train/BEFORE/S1_before_0252.png,data/datasets/ombrias1/train/AFTER/S1_after_0252.png,data/datasets/ombrias1/train/MASK/S1_mask_0252.png
0082,data/datasets/ombrias1/train/BEFORE/S1_before_0082.png,data/datasets/ombrias1/train/AFTER/S1_after_0082.png,data/datasets/ombrias1/train/MASK/S1_mask_0082.png
0526,data/datasets/ombrias1/train/BEFORE/S1_before_0526.png,data/datasets/ombrias1/train/AFTER/S1_after_0526.png,data/datasets/ombrias1/train/MASK/S1_mask_0526.png
0077,data/datasets/ombrias1/train/BEFORE/S1_before_0077.png,data/datasets/ombrias1/train/AFTER/S1_after_0077.png,data/datasets/ombrias1/train/MASK/S1_mask_0077.png
0675,data/datasets/ombrias1/train/BEFORE/S1_before_0675.png,data/datasets/ombrias1/train/AFTER/S1_after_0675.png,data/datasets/ombrias1/train/MASK/S1_mask_0675.png
0456,data/datasets/ombrias1/train/BEFORE/S1_before_0456.png,data/datasets/ombrias1/train/AFTER/S1_after_0456.png,data/datasets/ombrias1/train/MASK/S1_mask_0456.png
0492,data/datasets/ombrias1/train/BEFORE/S1_before_0492.png,data/datasets/ombrias1/train/AFTER/S1_after_0492.png,data/datasets/ombrias1/train/MASK/S1_mask_0492.png
0304,data/datasets/ombrias1/train/BEFORE/S1_before_0304.png,data/datasets/ombrias1/train/AFTER/S1_after_0304.png,data/datasets/ombrias1/train/MASK/S1_mask_0304.png
0342,data/datasets/ombrias1/train/BEFORE/S1_before_0342.png,data/datasets/ombrias1/train/AFTER/S1_after_0342.png,data/datasets/ombrias1/train/MASK/S1_mask_0342.png
0549,data/datasets/ombrias1/train/BEFORE/S1_before_0549.png,data/datasets/ombrias1/train/AFTER/S1_after_0549.png,data/datasets/ombrias1/train/MASK/S1_mask_0549.png
0022,data/datasets/ombrias1/train/BEFORE/S1_before_0022.png,data/datasets/ombrias1/train/AFTER/S1_after_0022.png,data/datasets/ombrias1/train/MASK/S1_mask_0022.png
0317,data/datasets/ombrias1/train/BEFORE/S1_before_0317.png,data/datasets/ombrias1/train/AFTER/S1_after_0317.png,data/datasets/ombrias1/train/MASK/S1_mask_0317.png
0619,data/datasets/ombrias1/train/BEFORE/S1_before_0619.png,data/datasets/ombrias1/train/AFTER/S1_after_0619.png,data/datasets/ombrias1/train/MASK/S1_mask_0619.png
0494,data/datasets/ombrias1/train/BEFORE/S1_before_0494.png,data/datasets/ombrias1/train/AFTER/S1_after_0494.png,data/datasets/ombrias1/train/MASK/S1_mask_0494.png
0655,data/datasets/ombrias1/train/BEFORE/S1_before_0655.png,data/datasets/ombrias1/train/AFTER/S1_after_0655.png,data/datasets/ombrias1/train/MASK/S1_mask_0655.png
0684,data/datasets/ombrias1/train/BEFORE/S1_before_0684.png,data/datasets/ombrias1/train/AFTER/S1_after_0684.png,data/datasets/ombrias1/train/MASK/S1_mask_0684.png
